1.505021824408667719e-01,4.295691915375299264e-02,8.946440910197983598e-02,8.930944177998887401e-01,1.862575687364231500e-02,-6.261275814571289899e-01,-1.505080870313832975e-01,2.639765932059958686e-01
1.629129260168298288e-01,4.502952284588346288e-02,8.346034630201160098e-02,9.042483904167610831e-01,2.524766988416793367e-02,-6.383574542256091888e-01,-1.385634168754625861e-01,2.637481923304321185e-01
1.749964657670091128e-01,4.613947966698361824e-02,7.720323125870720560e-02,9.100501225592978471e-01,3.141753438533001486e-02,-6.462836880947335771e-01,-1.261507273678272867e-01,2.616183836077965452e-01
1.865480137902437718e-01,4.612457419453042107e-02,7.113555269711113738e-02,9.111654525768955182e-01,3.687509997766014180e-02,-6.502209472990259087e-01,-1.140058906862329025e-01,2.578811232510247464e-01
1.973635233918002996e-01,4.486126469877405043e-02,6.570842448829239402e-02,9.084438227800717414e-01,4.136581149214890729e-02,-6.506167404583464986e-01,-1.028636638331157371e-01,2.528956719251311824e-01
2.072468499268040887e-01,4.227903071649130595e-02,6.135182622760027016e-02,9.028721500912695319e-01,4.465627455049059336e-02,-6.480272260456416689e-01,-9.340466486715115479e-02,2.470677717846569976e-01
2.160169429934910568e-01,3.837320057842230625e-02,5.844407723252942333e-02,8.955205458888997327e-01,4.654989498151707039e-02,-6.430874815399505451e-01,-8.620232995480847649e-02,2.408277268085612377e-01
2.235146359235500313e-01,3.321498919228904612e-02,5.728289850241452541e-02,8.874835022816682795e-01,4.690155827366027097e-02,-6.364782265502810787e-01,-8.167432998271095812e-02,2.346067776916811454e-01
2.296085974369361793e-01,2.695751973240589905e-02,5.806047578124662323e-02,8.798204998265077847e-01,4.563018638147298134e-02,-6.288912063249370021e-01,-8.004295962626173377e-02,2.288133001058554328e-01
2.342000480728074763e-01,1.983676778578846722e-02,6.084478139418081355e-02,8.735000045970195970e-01,4.272807903184627776e-02,-6.209954757355689026e-01,-8.130862289924323250e-02,2.238103729006297726e-01
2.372259206771900608e-01,1.216665445748432717e-02,6.556904116537509708e-02,8.693505112891557474e-01,3.826611662029222316e-02,-6.134066763849830295e-01,-8.523972454295858370e-02,2.198961604766509481e-01
2.386602559105881483e-01,4.327914771673491146e-03,7.203066524232326628e-02,8.680216856668039327e-01,3.239416349977375376e-02,-6.066610897049002915e-01,-9.138107687853391781e-02,2.172883422914537732e-01
2.385137621089370441e-01,-3.249145310457279834e-03,7.990023909525234558e-02,8.699578236798970465e-01,2.533634556088770751e-02,-6.011958105815722320e-01,-9.908143097628396845e-02,2.161135231876869511e-01
2.368316221840132130e-01,-1.010735266879159155e-02,8.874035249567668870e-02,8.753848566153692445e-01,1.738125813861302049e-02,-5.973358638658510245e-01,-1.075390611660509421e-01,2.164021994577751684e-01
2.336897839456923975e-01,-1.578964036212759936e-02,9.803320214250277331e-02,8.843110839496830522e-01,8.867556643593843546e-03,-5.952885306048756320e-01,-1.158626233327169075e-01,2.180894696474524608e-01
2.291901085874314958e-01,-1.986860778350596490e-02,1.072151162816510350e-01,8.965408030527441952e-01,1.657577966511780687e-04,-5.951446131706461529e-01,-1.231429349326802480e-01,2.210212989131150607e-01
2.234548596777585772e-01,-2.197659589316458550e-02,1.157154939127451598e-01,9.116991144858275220e-01,-8.342600900874685976e-03,-5.968858946736759208e-01,-1.285300515548328804e-01,2.249658010362054483e-01
2.166210783645965421e-01,-2.183396745783738879e-02,1.229971940064444880e-01,9.292654843621903638e-01,-1.628706148119363206e-02,-6.003976754987547793e-01,-1.313091855680141862e-01,2.296287167999935264e-01
2.088353999965875119e-01,-1.927323207278064388e-02,1.285952015901727918e-01,9.486131896395590957e-01,-2.333009743139768943e-02,-6.054850230899262442e-01,-1.309687362831510882e-01,2.346720571624700824e-01
2.002498180308975861e-01,-1.425681526740874006e-02,1.321504646600715205e-01,9.690515809742237252e-01,-2.918720279188846689e-02,-6.118912615349358930e-01,-1.272540387449367927e-01,2.397347516888430619e-01
1.910187938950684838e-01,-6.886642245127916340e-03,1.334361395216205892e-01,9.898681669750430956e-01,-3.364381859012155473e-02,-6.193172519058975922e-01,-1.202013923551135122e-01,2.444540957665140013e-01
1.812979533756333694e-01,2.595729593956264125e-03,1.323740762019838257e-01,1.010367825062758129e+00,-3.656792140191100771e-02,-6.274401577798585095e-01,-1.101484423367082854e-01,2.484868159535835730e-01
1.712444140315483310e-01,1.381897951831945193e-02,1.290401687470534853e-01,1.029906930826768985e+00,-3.791741243304613818e-02,-6.359306273129163856e-01,-9.771893906606976543e-02,2.515286583584384061e-01
1.610185718046750480e-01,2.630163450712430517e-02,1.236581165231314117e-01,1.047920808676735760e+00,-3.774181953289712510e-02,-6.444676223896692591e-01,-8.378212546685404050e-02,2.533315347084226232e-01
1.507869599698778984e-01,3.948033154227204022e-02,1.165821077477176004e-01,1.063943576155452320e+00,-3.617822561437833428e-02,-6.527504517406441664e-01,-6.938929942442939591e-02,2.537174199680976017e-01
1.407256029913241946e-01,5.274486406204914601e-02,1.082698564919724049e-01,1.077620117857463811e+00,-3.344173104278524988e-02,-6.605078848031666894e-01,-5.569224916054338337e-02,2.525883708337914868e-01
1.310231446036596026e-01,6.547750084375536517e-02,9.924821514698578540e-02,1.088710525380292893e+00,-2.981111335924424566e-02,-6.675045062564208820e-01,-4.385005341435999071e-02,2.499322176479381596e-01
1.218829537513101968e-01,7.709361937950731658e-02,9.007417394934691401e-02,1.097087832977877042e+00,-2.561063971472776757e-02,-6.735446937821620850e-01,-3.493199154878823265e-02,2.458236681607104401e-01
1.135234191706331330e-01,8.708049757609259700e-02,8.129439657267312214e-02,1.102730235863646158e+00,-2.118919809726094172e-02,-6.784747476035590807e-01,-2.982488493195489809e-02,2.404207492668319901e-01
1.061757417728586006e-01,9.503118435713631129e-02,7.340649904699603212e-02,1.105709186239664632e+00,-1.689803468184436497e-02,-6.821837625262787697e-01,-2.915301649971979714e-02,2.339567036679000012e-01
1.000787236127962387e-01,1.006707222461820095e-01,6.682505926281123720e-02,1.106174824836671178e+00,-1.306841687966198151e-02,-6.846038125377731376e-01,-3.321784813461192698e-02,2.267276541317642113e-01
9.547032348723405448e-02,1.038725967283333773e-01,6.185487326013117126e-02,1.104340137989765935e+00,-9.990493531120137050e-03,-6.857099239502417731e-01,-4.196314715483140390e-02,2.190765492141508730e-01
9.257608341749801184e-02,1.046640867944859110e-01,5.867330239817647453e-02,1.100465058815188968e+00,-7.894508952347223385e-03,-6.855201606812784121e-01,-5.496898342147460426e-02,2.113741074892914185e-01
9.159489978264900856e-02,1.032201167897923710e-01,5.732275053594548808e-02,1.094841486067025471e+00,-6.935363328977928177e-03,-6.840959556408279241e-01,-7.147556197088533736e-02,2.039976753624159755e-01
9.268298349684300774e-02,9.984617657879368835e-02,5.771344975491388141e-02,1.087779910674726125e+00,-7.181315333525617461e-03,-6.815426183150066208e-01,-9.043524398941826803e-02,1.973090930741818738e-01
9.593718700716635794e-02,9.495179548593313257e-02,5.963589684830594706e-02,1.079598048459729398e+00,-8.607408667444360617e-03,-6.780097551351218499e-01,-1.105886257451231813e-01,1.916328080058065098e-01
1.013791334266898048e-01,8.901684005712695580e-02,6.278154422011539282e-02,1.070611607139198895e+00,-1.109398385943904941e-02,-6.736911794880597881e-01,-1.305584244692283846e-01,1.872355639839042851e-01
1.089417291161680623e-01,8.255348399286077665e-02,6.676976812994439570e-02,1.061127087491968268e+00,-1.443041630301422629e-02,-6.688237820943641054e-01,-1.489533616515643644e-01,1.843090102825044596e-01
1.184596483292352787e-01,7.606701845683971897e-02,7.117875664357597998e-02,1.051436347614298938e+00,-1.832400360410701978e-02,-6.636847957903455608e-01,-1.644733821092074777e-01,1.829564979641418176e-01
1.296652301950871333e-01,7.001870548572952657e-02,7.557779938605335701e-02,1.041812552750116083e+00,-2.241370898622108143e-02,-6.585869300521380865e-01,-1.760074782121705539e-01,1.831851533515873598e-01
1.421909226883144584e-01,6.479362727645110454e-02,7.955851986434936407e-02,1.032507091901834428e+00,-2.628825098867082488e-02,-6.538709715387085453e-01,-1.827161020750054377e-01,1.849040377151141001e-01
1.555789590586300619e-01,6.067597796700852086e-02,8.276284654340315683e-02,1.023747060469304415e+00,-2.950781219612963469e-02,-6.498956408159983766e-01,-1.840915695695173326e-01,1.879288276882107311e-01
1.692983895597990340e-01,5.783353433564997204e-02,8.490593254720124605e-02,1.015732975808987248e+00,-3.162842441031443741e-02,-6.470247475355108691e-01,-1.799918458056879444e-01,1.919930035091965692e-01
1.827689598808319715e-01,5.631219830159039930e-02,8.579275557133314578e-02,1.008636495509335873e+00,-3.222788203964910281e-02,-6.456119748859237006e-01,-1.706454584747802983e-01,1.967650435012728849e-01
1.953906829253355681e-01,5.604060867383964251e-02,8.532770419026292075e-02,1.002598031710249415e+00,-3.093185311774959700e-02,-6.459839215126521594e-01,-1.566277872780403868e-01,2.018706329572523828e-01
2.065773544561579911e-01,5.684395629406679973e-02,8.351702898806934172e-02,9.977242825279972749e-01,-2.743871703194145084e-02,-6.484223045624162296e-01,-1.388113908643902050e-01,2.069184488009341294e-01
2.157917769300183863e-01,5.846538421779712280e-02,8.046455843953026488e-02,9.940858190811923123e-01,-2.154158158123209432e-02,-6.531464497612660125e-01,-1.182951384553518892e-01,2.115277228062950599e-01
2.225801356516967644e-01,6.059277724145317734e-02,7.636151177689498581e-02,9.917149607301780634e-01,-1.314594219633136163e-02,-6.602973350484262482e-01,-9.631852907020288512e-02,2.153555559666529007e-01
2.266028582384933543e-01,6.288838947895669662e-02,7.147155872615940098e-02,9.906042326122133090e-01,-2.281562297014261276e-03,-6.699244910093966610e-01,-7.416857822011024837e-02,2.181218859254840936e-01
2.276594079471578880e-01,6.501864716739902406e-02,6.611246772916956616e-02,9.907057222203548008e-01,1.089261080687720096e-02,-6.819769803101962680e-01,-5.308696435929505242e-02,2.196301146504993085e-01
2.257048144872442208e-01,6.668159543123408639e-02,6.063575235617690851e-02,9.919316337618511170e-01,2.609132406843173158e-02,-6.962994779094060505e-01,-3.418475853789004759e-02,2.197816857155885373e-01
2.208563124797819910e-01,6.762980816447594634e-02,5.540568289762859422e-02,9.941562827950747305e-01,4.291405307674267533e-02,-7.126341626743624147e-01,-1.837107706649021566e-02,2.185833430226011842e-01
2.133891938847227721e-01,6.768710561690483019e-02,5.077889871051866066e-02,9.972196851149419672e-01,6.086400183141904563e-02,-7.306287320692490539e-01,-6.300520615894811272e-03,2.161463710440330033e-01
2.037218245454823773e-01,6.675806699468012084e-02,4.708566244551093405e-02,1.000932781563278695e+00,7.937427597380519728e-02,-7.498503960002835811e-01,1.657545162089490987e-03,2.126777643970854115e-01
1.923906517067734967e-01,6.483001950291367166e-02,4.461356763124513236e-02,1.005084216253635532e+00,9.783983687896125048e-02,-7.698052340225558510e-01,5.426769617400850620e-03,2.084639434683595027e-01
1.800168582303740550e-01,6.196786404535714610e-02,4.359427086279765717e-02,1.009448460824842186e+00,1.156533001848174536e-01,-7.899618549333808915e-01,5.209481823754913421e-03,2.038482623579511710e-01
1.672670227635535412e-01,5.830270012126703705e-02,4.419359050285720514e-02,1.013794963344480493e+00,1.322422112435788222e-01,-8.097779224897294625e-01,1.452782235929817034e-03,1.992040866571187507e-01
1.548106561076565413e-01,5.401568808264300969e-02,4.650510978575539411e-02,1.017897907945098268e+00,1.471051628514032927e-01,-8.287278423956649931e-01,-5.201018430710746543e-03,1.949056002113138675e-01
1.432777535292188986e-01,4.931890118238158038e-02,5.054725242700897070e-02,1.021546106939695164e+00,1.598440574650794588e-01,-8.463297722239531140e-01,-1.397474884163329989e-02,1.912986954689586128e-01
1.332195046484230261e-01,4.443505532113789513e-02,5.626366655491210622e-02,1.024552515911636874e+00,1.701899787839238343e-01,-8.621701324610739903e-01,-2.402218607491590774e-02,1.886742919741664082e-01
1.250750369613342627e-01,3.957796210867314812e-02,6.352665542965496570e-02,1.026762864815736975e+00,1.780205278414541681e-01,-8.759239643941327813e-01,-3.449400563891913407e-02,1.872462109008665720e-01
1.191465613546824898e-01,3.493534787892116356e-02,7.214332697225245283e-02,1.028062932503871707e+00,1.833670749947486911e-01,-8.873697845727974709e-01,-4.459899365983233110e-02,1.871353328920122294e-01
1.155845871617202647e-01,3.065534902835764797e-02,8.186409123419480238e-02,1.028384053492118255e+00,1.864111381538577916e-01,-8.963979996246962401e-01,-5.365642828553518484e-02,1.883612165397607896e-01
1.143840467434529273e-01,2.683757285287668992e-02,9.239310936322908674e-02,1.027706527945611015e+00,1.874699568461437593e-01,-9.030124303088769011e-01,-6.113656566606096021e-02,1.908417106910746952e-01
1.153912923959978798e-01,2.352914849630849403e-02,1.034002830335225553e-01,1.026060702341055730e+00,1.869722165547500481e-01,-9.073250068086053943e-01,-6.668732153184464551e-02,1.944004133561065828e-01
1.183210814710946579e-01,2.072573035762559357e-02,1.145343652844417193e-01,1.023525591905126930e+00,1.854257064014745993e-01,-9.095441920295570526e-01,-7.014641150328770891e-02,1.987811778571995092e-01
1.227819228970474796e-01,1.837699704928752453e-02,1.254367690702906657e-01,1.020225023257808061e+00,1.833793881460223929e-01,-9.099581232865148195e-01,-7.153930371305250446e-02,2.036683016667666379e-01
1.283075817477765668e-01,1.639584643163516375e-02,1.357556472413534721e-01,1.016321381328907592e+00,1.813828463416484738e-01,-9.089138007853989620e-01,-7.106427100404744124e-02,2.087106042390587390e-01
1.343921703537489520e-01,1.467024372264802423e-02,1.451598158533329297e-01,1.012007149956389185e+00,1.799463297107877224e-01,-9.067938684194132293e-01,-6.906655652625204311e-02,2.135473429052581196e-01
1.405261169306868396e-01,1.307654651387224476e-02,1.533520923285891513e-01,1.007494537774618948e+00,1.795045552261171906e-01,-9.039926172981722630e-01,-6.600416471695780274e-02,2.178338473559051636e-01
1.462303924604384520e-01,1.149310765526934119e-02,1.600816207884463438e-01,1.003003582283781725e+00,1.803871293169549972e-01,-9.008927967661293224e-01,-6.240806117591546354e-02,2.212648732074740110e-01
1.510866728112887358e-01,9.813033891347799909e-03,1.651547598100933101e-01,9.987492243890301324e-01,1.827978722722036764e-01,-8.978446544152802744e-01,-5.883963227421418196e-02,2.235939638831041520e-01
1.547615730673896906e-01,7.955136731339962353e-03,1.684441142747914455e-01,9.949279415086493827e-01,1.868045646544942429e-01,-8.951483698789388654e-01,-5.584815364341011446e-02,2.246475338893105800e-01
1.570236639422546432e-01,5.872329163850054101e-03,1.698953043133997198e-01,9.917046145237691235e-01,1.923397376684761184e-01,-8.930407263397910356e-01,-5.393078625507996549e-02,2.243328996205491421e-01
1.577526063024379255e-01,3.556971983186940633e-03,1.695310850898295030e-01,9.892003753834615054e-01,1.992121879627575254e-01,-8.916865122980652814e-01,-5.349730004360253588e-02,2.226400344666217279e-01
1.569403615685587283e-01,1.042932230163273744e-03,1.674524644109851579e-01,9.874822276669874554e-01,2.071279967273085276e-01,-8.911747955611417638e-01,-5.484135080035912324e-02,2.196373599667822418e-01
1.546850014174196986e-01,-1.595637706159891422e-03,1.638365189348860440e-01,9.865552388050673471e-01,2.157190555665238207e-01,-8.915198904392127588e-01,-5.811973112378154838e-02,2.154623569304021657e-01
1.511781083213463717e-01,-4.248575046744917927e-03,1.589306889489989771e-01,9.863580578648907249e-01,2.245765164000204095e-01,-8.926665689695028050e-01,-6.334059392332846983e-02,2.103081486166047398e-01
1.466871030661422992e-01,-6.776633433403844720e-03,1.530434443694730362e-01,9.867624060411799292e-01,2.332862385401313077e-01,-8.944988615751299221e-01,-7.036121297835506994e-02,2.044074471159547102e-01
1.415340428197850997e-01,-9.020527273079892439e-03,1.465313647188395407e-01,9.875770092876337003e-01,2.414632282593629498e-01,-8.968516575697549342e-01,-7.889539852720872659e-02,1.980153490694647189e-01
1.360725071444903733e-01,-1.081147185688280388e-02,1.397828647695860127e-01,9.885561957871686900e-01,2.487822535388204415e-01,-8.995242493068644762e-01,-8.853022506258412250e-02,1.913924210084587685e-01
1.306641421488166088e-01,-1.198255048353757957e-02,1.331990226184416315e-01,9.894130689449411875e-01,2.550022436655581259e-01,-9.022949581025159205e-01,-9.875125524587247128e-02,1.847893414860664052e-01
1.256562883877450076e-01,-1.238022769437918669e-02,1.271722164476614125e-01,9.898368085082438483e-01,2.599827016254039336e-01,-9.049360227841134474e-01,-1.089749657707557162e-01,1.784340944714131183e-01
1.213619027548702434e-01,-1.187534318385985443e-02,1.220635355484773754e-01,9.895132706164986303e-01,2.636911034520608155e-01,-9.072280099189811153e-01,-1.185866175406999901e-01,1.725223678859038046e-01
1.180427269900974352e-01,-1.037295894558099008e-02,1.181801747286499449e-01,9.881476872906205244e-01,2.662010596374102533e-01,-9.089731047445184231e-01,-1.269813904067405019e-01,1.672114438497374067e-01
1.158963811858484405e-01,-7.820488614868281729e-03,1.157542224885901305e-01,9.854879432591587829e-01,2.676817944379763503e-01,-9.100067515545333663e-01,-1.336062596971601124e-01,1.626175071924080839e-01
1.150477907262938970e-01,-4.213611630987657009e-03,1.149243801671673282e-01,9.813466741175034258e-01,2.683801911925911554e-01,-9.102072239636527229e-01,-1.379998688759087599e-01,1.588159849952717195e-01
1.155451036120211938e-01,4.004337307179639538e-04,1.157221723085513077e-01,9.756203206657119154e-01,2.685971986697950342e-01,-9.095028130956279711e-01,-1.398275902772638801e-01,1.558442859186470741e-01
1.173600309216453752e-01,5.922473031816366529e-03,1.180641035718963394e-01,9.683033194728523085e-01,2.686607553135900162e-01,-9.078764232380081012e-01,-1.389090978989315772e-01,1.537061570297737489e-01
1.203923480866251339e-01,1.220409538029798568e-02,1.217509681575847935e-01,9.594958264424349181e-01,2.688975464927807479e-01,-9.053674603029548962e-01,-1.352361231235477135e-01,1.523768238312186440e-01
1.244781280788629374e-01,1.905343585760022052e-02,1.264751231321952218e-01,9.494037589402068988e-01,2.696058644494314649e-01,-9.020709894234641979e-01,-1.289786267750514526e-01,1.518081266231092741e-01
1.294011359177602571e-01,2.624387025120711314e-02,1.318360096564674677e-01,9.383304875500471098e-01,2.710316115682189775e-01,-8.981342267188665573e-01,-1.204783789552266171e-01,1.519330021692439914e-01
1.349066943266734597e-01,3.352526175038406109e-02,1.373635768903795906e-01,9.266601739118414116e-01,2.733491107865120284e-01,-8.937505170508757146e-01,-1.102298466237243701e-01,1.526688638859923230e-01
1.407172319127312221e-01,4.063720507633661327e-02,1.425485783524891303e-01,9.148334847554906446e-01,2.766479071123058020e-01,-8.891510353190597016e-01,-9.884928276409254977e-02,1.539196822932353825e-01
1.465486491579213180e-01,4.732353075469575288e-02,1.468780287760864667e-01,9.033171505502650689e-01,2.809262124918632253e-01,-8.845945306732119207e-01,-8.703390674276079153e-02,1.555768297084796359e-01
1.521265894930365903e-01,5.334717726792348458e-02,1.498734983955500866e-01,8.925695040884420450e-01,2.860911131591592493e-01,-8.803555092722490372e-01,-7.551397220726130399e-02,1.575190001522059902e-01
1.572016888621874386e-01,5.850443176154840330e-02,1.511294495300035123e-01,8.830046620532812085e-01,2.919651686841007177e-01,-8.767113174305904977e-01,-6.500124418556652017e-02,1.596117178442000295e-01
1.615629072939555044e-01,6.263749783026639761e-02,1.503485497382825997e-01,8.749583320468445891e-01,2.982986197465606892e-01,-8.739286395336876012e-01,-5.613786912772411597e-02,1.617070810616496601e-01
1.650481262895482359e-01,6.564438685242635074e-02,1.473708751024105368e-01,8.686582915584040165e-01,3.047861115630894346e-01,-8.722499609659735142e-01,-4.944975875440604796e-02,1.636444355590356281e-01
1.675513321602011274e-01,6.748525541000560679e-02,1.421941751735857906e-01,8.642023657585014007e-01,3.110866418813884593e-01,-8.718805633793635934e-01,-4.530838640374668103e-02,1.652526227926500724e-01
1.690258978419478808e-01,6.818452609763880901e-02,1.349829089641616520e-01,8.615462270286116109e-01,3.168453548985326051e-01,-8.729766172434665350e-01,-4.390431303482955627e-02,1.663543032082088757e-01
1.694837179134083271e-01,6.782842359476148886e-02,1.260645537142863759e-01,8.605025783554083318e-01,3.217158147540430946e-01,-8.756349159621095168e-01,-4.523485426210527294e-02,1.667726243304059608e-01
1.689902323537353368e-01,6.655791353210815942e-02,1.159126799256000595e-01,8.607523232776657096e-01,3.253814851823335630e-01,-8.798847582481812424e-01,-4.910713998390292545e-02,1.663402063113608165e-01
1.676556743441324215e-01,6.455742107299045074e-02,1.051173982065165546e-01,8.618672457450884394e-01,3.275752939971425803e-01,-8.856824329072878754e-01,-5.515650237458658012e-02,1.649100827416987158e-01
1.656231736919835384e-01,6.204009529233189824e-02,9.434491760134733340e-02,8.633426245469308924e-01,3.280963498677920143e-01,-8.929086944162918371e-01,-6.287877544878028857e-02,1.623678960677352734e-01
1.630546133646930684e-01,5.923073620581931209e-02,8.428900520891602355e-02,8.646371949835156556e-01,3.268230845530979423e-01,-9.013695387309326179e-01,-7.167382677374689592e-02,1.586443433016029303e-01
1.601153458404951380e-01,5.634777620666397979e-02,7.561799562813575903e-02,8.652170506265974836e-01,3.237223013809398253e-01,-9.108004947622703185e-01,-8.089659284286199181e-02,1.537266369132339605e-01
1.569590049666658160e-01,5.358587246522006353e-02,6.892157447509816848e-02,8.645995437855162891e-01,3.188538099552715721e-01,-9.208745364148853696e-01,-8.991116095671713992e-02,1.476676219472210505e-01
1.537136799142899690e-01,5.110069685612472767e-02,6.466178123196186789e-02,8.623930620233295485e-01,3.123705140217225562e-01,-9.312135882175880397e-01,-9.814310978509865890e-02,1.405912009340681834e-01
1.504706402010924648e-01,4.899739027287353110e-02,6.313250458151742350e-02,8.583287697756531998e-01,3.045139931791709387e-01,-9.414034417911807395e-01,-1.051254302578854549e-01,1.326928772195969941e-01
1.472766166452856851e-01,4.732387980389773929e-02,6.443117682454158057e-02,8.522810061367636081e-01,2.956057823764695058e-01,-9.510117203196841729e-01,-1.105338975055474293e-01,1.242345375640070415e-01
1.441303608262387570e-01,4.606985517523298768e-02,6.844544892851445184e-02,8.442739863958195201e-01,2.860347083155829750e-01,-9.596083245103272930e-01,-1.142087081570366536e-01,1.155330402007166413e-01
1.409838489107642090e-01,4.517169515371222133e-02,7.485641999744530040e-02,8.344736863500656909e-01,2.762407911995978793e-01,-9.667875754876149585e-01,-1.161604542544409924e-01,1.069427258735231590e-01
1.377480921910319012e-01,4.452306866117794470e-02,8.315860651021012018e-02,8.231651888791020610e-01,2.666963619285525056e-01,-9.721910494879466569e-01,-1.165599572875635204e-01,9.883257992441940587e-02
1.343031033893566928e-01,4.399036059191985260e-02,9.269539527622328023e-02,8.107172104428173043e-01,2.578851750879493920e-01,-9.755298962002143526e-01,-1.157129987024063666e-01,9.155938851472456008e-02
1.305111825313360896e-01,4.343154633336610004e-02,1.027073610042634755e-01,7.975368611860176316e-01,2.502804099776767544e-01,-9.766052703303103044e-01,-1.140224109182668144e-01,8.543878699947526911e-02
1.262323660293986904e-01,4.271671642396768220e-02,1.123896755618716270e-01,7.840187889605658711e-01,2.443225341435208975e-01,-9.753254120232668356e-01,-1.119411979731239626e-01,8.071653067599982023e-02
1.213406610804668162e-01,4.174818352417730694e-02,1.209540010971750235e-01,7.704935971250961302e-01,2.403980493224935344e-01,-9.717179119531920151e-01,-1.099212182500082235e-01,7.754256967928085942e-02
1.157395861910117674e-01,4.047802372051023667e-02,1.276898250722524608e-01,7.571807176973379683e-01,2.388201359810864233e-01,-9.659358140854692465e-01,-1.083623986145312301e-01,7.595053692966757808e-02
1.093755730807970394e-01,3.892103405262048454e-02,1.320202053414050170e-01,7.441507195544545539e-01,2.398121565922792797e-01,-9.582564572037881589e-01,-1.075674131039363601e-01,7.584503372891049366e-02
1.022479531102362671e-01,3.716142712565329020e-02,1.335473485045213238e-01,7.313013329676323337e-01,2.434948669988443726e-01,-9.490723387143589207e-01,-1.077062510343012036e-01,7.699862174013105687e-02
9.441454104580770945e-02,3.535211204703614385e-02,1.320843017917923135e-01,7.183503260839643190e-01,2.498780226758299250e-01,-9.388737883737121592e-01,-1.087941656422231063e-01,7.905972417302109534e-02
8.599221475924423430e-02,3.370608648634743076e-02,1.276702189651359731e-01,7.048468699904333334e-01,2.588568630828831374e-01,-9.282238380717444670e-01,-1.106852220096357087e-01,8.157175371070479741e-02
7.715233612907468341e-02,3.248022955821738833e-02,1.205680507624720121e-01,6.902013096769223921e-01,2.702137243149991264e-01,-9.177263254023273475e-01,-1.130821747692607460e-01,8.400279143097577617e-02
6.811132516850193497e-02,3.195256853122430130e-02,1.112449827206773989e-01,6.737314780584711116e-01,2.836247841185013385e-01,-9.079889164611358865e-01,-1.155618432115943506e-01,8.578412775295873871e-02
5.911714069316076348e-02,3.239481658239640183e-02,1.003373621058472054e-01,6.547220214315530029e-01,2.986717015837712097e-01,-8.995833160845450038e-01,-1.176136654626134259e-01,8.635504176709218882e-02
5.043279653364152182e-02,3.404256956885376439e-02,8.860309299529944838e-02,6.324918118989444338e-01,3.148576900596253836e-01,-8.930053865326499363e-01,-1.186878466004372967e-01,8.521043520431703655e-02
4.231831384277029429e-02,3.706593952173875550e-02,7.686543034651549533e-02,6.064635527400241699e-01,3.316273694965730101e-01,-8.886381590430119104e-01,-1.182485904363375084e-01,8.194743796502734767e-02
3.501265360864636023e-02,4.154354239466329091e-02,6.595269190972885553e-02,5.762292405825064634e-01,3.483895898734772345e-01,-8.867207513058019686e-01,-1.158274100454264044e-01,7.630692918701242888e-02
2.871717310699750669e-02,4.744261940959404455e-02,5.663859469768794952e-02,5.416052955961276894e-01,3.645423044451945316e-01,-8.873259705364944239e-01,-1.110714938035926025e-01,6.820610781414870871e-02
2.358200731305259978e-02,5.460765392345479086e-02,4.958770961661684851e-02,5.026719073366621160e-01,3.794984979570017458e-01,-8.903488831515460333e-01,-1.037825638115918991e-01,5.775880224700813415e-02
1.969650454884686042e-02,6.275917610355463694e-02,4.530995338279808493e-02,4.597924157615125296e-01,3.927121360757155344e-01,-8.955078936867266748e-01,-9.394255454640187963e-02,4.528109720286010997e-02
1.708447135115420679e-02,7.150357831039855228e-02,4.412717084710493509e-02,4.136102431730250828e-01,4.037030928168405808e-01,-9.023589464886754286e-01,-8.172367455358653388e-02,3.128100797312072245e-02
1.570454175544000464e-02,8.035377145665734133e-02,4.615379589915846736e-02,3.650228612304999842e-01,4.120800268724451598e-01,-9.103224185982980998e-01,-6.748187252003390313e-02,1.643225179759610910e-02
1.545552258176030591e-02,8.875948737664884902e-02,5.129242117504873022e-02,3.151343324625486275e-01,4.175602125249042729e-01,-9.187212014844590158e-01,-5.173426939416003734e-02,1.533535491944348905e-03
1.618612409311026568e-02,9.614507374922709459e-02,5.924396100328976900e-02,2.651899149150267476e-01,4.199853878878911928e-01,-9.268274714195285924e-01,-3.512259231547432137e-02,-1.254393003728182521e-02
1.770810591187910177e-02,1.019518326882007386e-01,6.953105372519985394e-02,2.164978718146812753e-01,4.193327661255352723e-01,-9.339148208903225168e-01,-1.836591446055990673e-02,-2.491688534610148054e-02
1.981158717808284564e-02,1.056814053434607104e-01,8.153249647375560016e-02,1.703448262142046588e-01,4.157204717571403307e-01,-9.393118519733434368e-01,-2.206947772947387421e-03,-3.475386010450165486e-02
2.228111209842609242e-02,1.069364661303211506e-01,9.452588809313056117e-02,1.279116253290339955e-01,4.094068239587613789e-01,-9.424530804049027211e-01,1.264333149958929425e-02,-4.133740535053220810e-02
2.491104052205628250e-02,1.054550948886685546e-01,1.077352991568432117e-01,9.019666693802719237e-02,4.007830979139725969e-01,-9.429231020228598936e-01,2.555786639118196035e-02,-4.411976208484702511e-02
2.751894760785944527e-02,1.011356454848737485e-01,1.203806902901760623e-01,5.795299320197955240e-02,3.903596600569017028e-01,-9.404904315731528186e-01,3.603803056557808304e-02,-4.276746850882773288e-02
2.995595193260669475e-02,9.404969119609063455e-02,1.317259329266562418e-01,3.164423332509613829e-02,3.787456883021604881e-01,-9.351282050090503617e-01,4.374677222574518964e-02,-3.719125931547750952e-02
3.211322410243155900e-02,8.444163628087153484e-02,1.411226115001227299e-01,1.142279715986660449e-02,3.666230465171338437e-01,-9.270199742504701135e-01,4.852780882754359482e-02,-2.755877623167179991e-02
3.392432154942071065e-02,7.271474857677162618e-02,1.480472468047082657e-01,-2.868254920940671582e-03,3.547152619153166597e-01,-9.165500260928638454e-01,5.040961797544696310e-02,-1.428898191534244688e-02
3.536341218205052428e-02,5.940458037233042887e-02,1.521301250941178296e-01,-1.167032258945255307e-02,3.437529289917620190e-01,-9.042789159800577181e-01,4.959437902368790674e-02,1.971375821085530333e-03
3.643984714381076628e-02,4.514188934132334907e-02,1.531744953456382063e-01,-1.566400559386238456e-02,3.344371998355200049e-01,-8.909061074173223460e-01,4.643337595666707784e-02,2.038749634357372997e-02
3.718988348919083364e-02,3.060813593182842851e-02,1.511654682221887924e-01,-1.570783696843136568e-02,3.274032829021962243e-01,-8.772226399432838662e-01,4.139154682013668207e-02,3.998946831507055322e-02
3.766660912151564844e-02,1.648732375588224386e-02,1.462684866070276257e-01,-1.276665552995837061e-02,3.231860266266721737e-01,-8.640575196848203632e-01,3.500475238627132057e-02,5.973447601991210831e-02
3.792926076130243018e-02,3.418294785745956688e-03,1.388177248379633966e-01,-7.836000161660194863e-03,3.221896831280446349e-01,-8.522219700419100263e-01,2.783386107591923064e-02,7.857371412865177263e-02
3.803314057677198434e-02,-8.048444706560076156e-03,1.292952070183446267e-01,-1.869044174782175105e-03,3.246638133457508957e-01,-8.424557622731754236e-01,2.041986972722042992e-02,9.551923068829637486e-02
3.802122816614428302e-02,-1.748570823011164066e-02,1.183018182308614996e-01,4.287875430236454122e-03,3.306870064004669985e-01,-8.353795665732377529e-01,1.324400272801540268e-02,1.097060784650238929e-01
3.791836471464193892e-02,-2.461352380208836621e-02,1.065217211510116613e-01,9.946081991984101478e-03,3.401596540018090309e-01,-8.314566607655251573e-01,6.696094368180638412e-03,1.204456638106421451e-01
3.772857906642457237e-02,-2.931007136461971641e-02,9.468198958961693279e-02,1.460811612651014002e-02,3.528064735558018583e-01,-8.309664698570031760e-01,1.053635338507774577e-03,1.272669730324196280e-01
3.743576187662256416e-02,-3.160899933882888035e-02,8.350952667274214036e-02,1.798211702771368437e-02,3.681888530932155845e-01,-8.339913749480274419e-01,-3.527249004832810897e-03,1.299433432895966689e-01
3.700751242558908416e-02,-3.168371884223120105e-02,7.368754025901580462e-02,1.997694351302925497e-02,3.857264445996406721e-01,-8.404171235576995969e-01,-7.008808384853182361e-03,1.285035302016694914e-01
3.640162072042585351e-02,-2.982047214237582011e-02,6.581398294179052755e-02,2.067970697225973709e-02,4.047268173039810790e-01,-8.499460987429756642e-01,-9.457733138901858183e-03,1.232269131687644403e-01
3.557434266349446261e-02,-2.638299156279799718e-02,6.036440358002437279e-02,2.031892057675577234e-02,4.244214467539677571e-01,-8.621217556053579756e-01,-1.102234087898068537e-02,1.146236873737507267e-01
3.448940965881774900e-02,-2.177230810860919519e-02,5.766157565585672273e-02,1.921763474092585966e-02,4.440059072201165691e-01,-8.763617875224554155e-01,-1.190370855772471259e-02,1.034017515739833470e-01
3.312660947631229647e-02,-1.638566641878469454e-02,5.785403891695750644e-02,1.774163897698599612e-02,4.626818832052776997e-01,-8.919970946678859036e-01,-1.232402982702751615e-02,9.042267240693036001e-02
3.148879366290202597e-02,-1.057851664666031866e-02,6.090529929178956081e-02,1.624801067191583570e-02,4.796985383991341223e-01,-9.083134170423363685e-01,-1.249559739017058746e-02,7.664956892404006794e-02
2.960630959842092125e-02,-4.633187189710952225e-03,6.659487483329940005e-02,1.503898765986377839e-02,4.943908761472357583e-01,-9.245925629093108000e-01,-1.259359505195334350e-02,6.309002045054512564e-02
2.753811016100371489e-02,1.262868763944879902e-03,7.453166810137190623e-02,1.432538259086868493e-02,5.062129786554123712e-01,-9.401504793233925739e-01,-1.273536684948339825e-02,5.073717689447221346e-02
2.536913654876116198e-02,7.027342691827698218e-03,8.417932196994115657e-02,1.420263275394972879e-02,5.147643911564045993e-01,-9.543699253626982681e-01,-1.296807223525320296e-02,4.051217557025665883e-02
2.320396866161900107e-02,1.268110459275817448e-02,9.489233201361457759e-02,1.464121446042554453e-02,5.198083857126221119e-01,-9.667261558622612938e-01,-1.326571722108838003e-02,3.321077591863286216e-02
2.115715311902022222e-02,1.833447021519418740e-02,1.059608128125546500e-01,1.549168208475748543e-02,5.212813526109130180e-01,-9.768047327265776403e-01,-1.353556783749354508e-02,2.945684601218090393e-02
1.934100948255945696e-02,2.416333499530765039e-02,1.166610274485719856e-01,1.650316678660601610e-02,5.192930845701084763e-01,-9.843112813159677899e-01,-1.363299825220565253e-02,2.966499464127991814e-02
1.785204039788368391e-02,3.037780394043920751e-02,1.263081716685974243e-01,1.735291713703190908e-02,5.141182052532258240e-01,-9.890736407683107245e-01,-1.338299618385008216e-02,3.401425211268360727e-02
1.675729626549582463e-02,3.718667906082373520e-02,1.343075268605389283e-01,1.768349961912463186e-02,5.061794217633632798e-01,-9.910373673080812296e-01,-1.260591525169729721e-02,4.243426492757862434e-02
1.608214283896813868e-02,4.476156603058711880e-02,1.402000198920632101e-01,1.714367442400543950e-02,4.960236355423148780e-01,-9.902559099054997205e-01,-1.114468511639188364e-02,5.460497616877546534e-02
1.580083652333996724e-02,5.320439305606328162e-02,1.436984809756722825e-01,1.542876712119323201e-02,4.842922217810610164e-01,-9.868769701643032022e-01,-8.890592835541610839e-03,6.997020849848922808e-02
1.583112626849469962e-02,6.252179714127237276e-02,1.447114769193831307e-01,1.231656512936751824e-02,4.716869885658070416e-01,-9.811265887201443547e-01,-5.804933732974859595e-03,8.776494282938074321e-02
1.603378514209907735e-02,7.260916098564962340e-02,1.433524838048469974e-01,7.695343244449759368e-03,4.589334604488612968e-01,-9.732923859789934795e-01,-1.934271721665936639e-03,1.070553984245634638e-01
1.621755532778479392e-02,8.324614485619008519e-02,1.399332860207778140e-01,1.581492800141859334e-03,4.467432097953860648e-01,-9.637071547199411725e-01,2.582304029147053370e-03,1.267902866511576576e-01
1.614950536441028817e-02,9.410444384576521770e-02,1.349417576684572850e-01,-5.874702868823078461e-03,4.357769906580415409e-01,-9.527336953415215248e-01,7.514752661904822162e-03,1.458608649463712936e-01
1.557029018113098573e-02,1.047673200096994606e-01,1.290054859580322955e-01,-1.439544810546067310e-02,4.266104181108403282e-01,-9.407514406209429580e-01,1.255246804157650331e-02,1.631667126275715418e-01
1.421332430345501052e-02,1.147593243880749014e-01,1.228439160940979491e-01,-2.359314164186798735e-02,4.197038801330563729e-01,-9.281450759647213999e-01,1.732263710073311813e-02,1.776835458240384469e-01
1.182646989218483213e-02,1.235836434863131217e-01,1.172127170946168917e-01,-3.299758215962356189e-02,4.153782600856175122e-01,-9.152950597685958201e-01,2.141500632899351331e-02,1.885289586480212165e-01
8.194546846425510012e-03,1.307637692628986770e-01,1.128447876999416621e-01,-4.209006555174710229e-02,4.137978733911040763e-01,-9.025697143461002270e-01,2.441093230572732864e-02,1.950217854300717590e-01
3.160821286655846052e-03,1.358857685005148141e-01,1.103926664395658008e-01,-5.034126355712942313e-02,4.149617693569780386e-01,-8.903184109906305821e-01,2.591424186073254532e-02,1.967308820894686505e-01
-3.354361511810566299e-03,1.386373508701410628e-01,1.103770415802500793e-01,-5.724958491373399738e-02,4.187042068938353623e-01,-8.788653231479202077e-01,2.558130982527018205e-02,1.935095548342360416e-01
-1.133946158097387524e-02,1.388402078464707756e-01,1.131455735928739159e-01,-6.237683870858745649e-02,4.247046780981236225e-01,-8.685032689634226699e-01,2.314788038881943066e-02,1.855126277569070226e-01
-2.068348752072779462e-02,1.364726838148726529e-01,1.188453858740103897e-01,-6.537842153011297341e-02,4.325073339828122698e-01,-8.594872982921515359e-01,1.845048783218317112e-02,1.731942060432629660e-01
-3.117450029549218016e-02,1.316806861727570777e-01,1.274114245770761045e-01,-6.602587496672640555e-02,4.415490825208507886e-01,-8.520278813132335927e-01,1.144083543954366178e-02,1.572854958121752134e-01
-4.250525801126059378e-02,1.247757576467733998e-01,1.385715417777646508e-01,-6.422043806560395751e-02,4.511950156168040849e-01,-8.462838013069813314e-01,2.192111639601534989e-03,1.387534884597698692e-01
-5.428582880449539516e-02,1.162203248603361772e-01,1.518677410176678677e-01,-5.999706597322074231e-02,4.607792257022538251e-01,-8.423551109867730702e-01,-9.103101418986625504e-03,1.187427901040791767e-01
-6.606246044157160213e-02,1.066011999306226699e-01,1.666916717499589140e-01,-5.351921841429430060e-02,4.696485486078927352e-01,-8.402767492464136012e-01,-2.214300366517818475e-02,9.850424168871541042e-02
-7.734151924069010420e-02,9.659335319275896836e-02,1.823312914439156884e-01,-4.506546054653881583e-02,4.772063765692564630e-01,-8.400135997521829267e-01,-3.653391119962634548e-02,7.931510740490921307e-02
-8.761693693850247655e-02,8.691671467070705148e-02,1.980247359279019292e-01,-3.500950692978221923e-02,4.829534767266068229e-01,-8.414578757269737252e-01,-5.181333345592520345e-02,6.239638974875560962e-02
-9.639935922496079002e-02,7.828924512136836711e-02,2.130169227011720068e-01,-2.379572857716993894e-02,4.865227692826010752e-01,-8.444297158239351120e-01,-6.747703366704627115e-02,4.883317831627209671e-02
-1.032450901138872723e-01,7.137971468176829148e-02,2.266142993364610447e-01,-1.191231690791028086e-02,4.877052899937552866e-01,-8.486817581706418423e-01,-8.300812932520784670e-02,3.950380649439466652e-02
-1.077829699070207425e-01,6.676353894835074243e-02,2.382334348299082194e-01,1.357420615022419952e-04,4.864650856809475954e-01,-8.539082247466467379e-01,-9.790626711196637189e-02,3.502297657723829616e-02
-1.097375024819484679e-01,6.488467485442583893e-02,2.474398008125717752e-01,1.185196358164830599e-02,4.829415452711600665e-01,-8.597587053532151913e-01,-1.117150272712024162e-01,3.570296517318638507e-02
-1.089468309119183687e-01,6.602602113488842406e-02,2.539740265890486626e-01,2.277039405180403264e-02,4.774386012156810466e-01,-8.658564035681592941e-01,-1.240459532111799490e-01,4.153562541614519432e-02
-1.053745221543067601e-01,7.029006384649960637e-02,2.577640431288727996e-01,3.247332617866049986e-02,4.704012758031694830e-01,-8.718201337137543305e-01,-1.345979244531463337e-01,5.219628351369465236e-02
-9.911452473716053646e-02,7.759072796037003172e-02,2.589227441628736415e-01,4.060418059270887170e-02,4.623811044098147249e-01,-8.772888814291945891e-01,-1.431709632660158604e-01,6.706893029331695288e-02
-9.038907519425265491e-02,8.765661099894828112e-02,2.577319769720816112e-01,4.687555319469538517e-02,4.539929443126311526e-01,-8.819473138701141579e-01,-1.496739498501256094e-01,8.529048401214822661e-02
-7.953972012546728365e-02,1.000450471469775948e-01,2.546147249738623941e-01,5.107288410181354266e-02,4.458664800445149012e-01,-8.855502998458177899e-01,-1.541260911615154328e-01,1.058104934108996531e-01
-6.701197016627702396e-02,1.141658274411270213e-01,2.500981776897788222e-01,5.305455347934184829e-02,4.385962784149342042e-01,-8.879443232981429901e-01,-1.566523229702170283e-01,1.274615774018457159e-01
-5.333439571131748380e-02,1.293129157469934398e-01,2.447709383257006266e-01,5.274943035510659683e-02,4.326944657889271184e-01,-8.890836821260563738e-01,-1.574731110744096441e-01,1.490352473283564905e-01
-3.909320813818339957e-02,1.447021640316279445e-01,2.392378698245920532e-01,5.015297384488803800e-02,4.285499651607551641e-01,-8.890395806461128814e-01,-1.568893517111291658e-01,1.693575686476833653e-01
-2.490354530345939565e-02,1.595128416646502956e-01,2.340760269109978253e-01,4.532291721170622623e-02,4.263977380928736238e-01,-8.880006489325751318e-01,-1.552632555116133517e-01,1.873593904383596964e-01
-1.137880410806246800e-02,1.729307360665757187e-01,2.297947948022738274e-01,3.837536913579242537e-02,4.263006646026497037e-01,-8.862640372112764453e-01,-1.529962387954810765e-01,2.021365548971516546e-01
9.005577421703492291e-04,1.841906335041585407e-01,2.268028085650257708e-01,2.948187066522223176e-02,4.281456266937766486e-01,-8.842169957201804209e-01,-1.505049478563478260e-01,2.129965131553035462e-01
1.141728765469451901e-02,1.926161225005671440e-01,2.253835272920241550e-01,1.886758816362998914e-02,4.316541374428197742e-01,-8.823096989353871322e-01,-1.481966112281725145e-01,2.194890086084342329e-01
1.974520267867774237e-02,1.976548561235063062e-01,2.256805607926253288e-01,6.810444649090641178e-03,4.364065834270149935e-01,-8.810209318671695655e-01,-1.464449526051794237e-01,2.214198223045968916e-01
2.557321839412907138e-02,1.989076440476651442e-01,2.276930652785722486e-01,-6.359361253998940811e-03,4.418779482302852557e-01,-8.808190395770907344e-01,-1.455679015737132431e-01,2.188478841708274558e-01
2.872418815786659252e-02,1.961500128315094571e-01,2.312808055153254827e-01,-2.026028651198430452e-02,4.474818689827770868e-01,-8.821211659528671589e-01,-1.458083024293728158e-01,2.120672273958916776e-01
2.916734010068466887e-02,1.893451698232127001e-01,2.361778721617611154e-01,-3.446184553286002483e-02,4.526191451818704081e-01,-8.852541984010713350e-01,-1.473187349397448997e-01,2.015762150349473814e-01
2.702331017644610256e-02,1.786476367506963925e-01,2.420135804809433466e-01,-4.848955567831580993e-02,4.567264400566273252e-01,-8.904209330676167156e-01,-1.501514150440925732e-01,1.880371362312871497e-01
2.256106329878093675e-02,1.643971897217681999e-01,2.483387718568792479e-01,-6.183340475581644569e-02,4.593209253425811767e-01,-8.976747497990800184e-01,-1.542539302647583099e-01,1.722296304196788697e-01
1.618637201499950606e-02,1.471031556411901420e-01,2.546555930800877832e-01,-7.396057729965832550e-02,4.600370224434300326e-01,-9.069055338604812277e-01,-1.594712838968916913e-01,1.550014541062409990e-01
8.421977656325907446e-03,1.274195712887831178e-01,2.604488204647168459e-01,-8.433279987366404384e-02,4.586521436908697069e-01,-9.178387352449135506e-01,-1.655543778954324807e-01,1.372198908575228415e-01
-1.199249181809136644e-04,1.061121972733758412e-01,2.652169050134034478e-01,-9.242818416896625422e-02,4.550993701527659141e-01,-9.300483775868997327e-01,-1.721746720190822089e-01,1.197266730214323616e-01
-8.771693266680813394e-03,8.401887479448078011e-02,2.685011050236880692e-01,-9.776690024773415644e-02,4.494662125225659111e-01,-9.429836094700476679e-01,-1.789443399120500544e-01,1.032987005019094795e-01
-1.684901469161559362e-02,6.200518446382830007e-02,2.699113192795721261e-01,-9.993945640599122271e-02,4.419798779936172650e-01,-9.560071402061112167e-01,-1.854408320924676445e-01,8.861617631009721663e-02
-2.369226360133325215e-02,4.091777407086283347e-02,2.691475067747433059e-01,-9.863585126367979683e-02,4.329806842461039196e-01,-9.684427403099107323e-01,-1.912343866487162813e-01,7.623909996073052753e-02
-2.870788729705964215e-02,2.153802065987520109e-02,2.660158590963419556e-01,-9.367346058024850208e-02,4.228863108501172974e-01,-9.796280309096800920e-01,-1.959167386369244923e-01,6.659242056775838137e-02
-3.140706891281297430e-02,4.538839218639623141e-03,2.604391680276876286e-01,-8.502127846986695658e-02,4.121503597953051212e-01,-9.889681387026030279e-01,-1.991291022200130101e-01,5.995959738174860831e-02
-3.143891528270614799e-02,-9.552589063105187961e-03,2.524610951497834321e-01,-7.281809296364372130e-02,4.012191427063953597e-01,-9.959855314400556381e-01,-2.005874616949085976e-01,5.648387128167087212e-02
-2.861563716578530148e-02,-2.038364249625601587e-02,2.422443043394650886e-01,-5.738236535580654163e-02,3.904906871939601842e-01,-1.000361513805728464e+00,-2.001033237173714951e-01,5.617622581303294282e-02
-2.292763271907460876e-02,-2.779456804483970700e-02,2.300626634946638660e-01,-3.921200506192690227e-02,3.802796589197896537e-01,-1.001965458084214333e+00,-1.975983542548647165e-01,5.892881047293485608e-02
-1.454703128183609806e-02,-3.182484934413309929e-02,2.162879599100051564e-01,-1.897286916209850460e-02,3.707912653239873180e-01,-1.000868824914959987e+00,-1.931117359425797986e-01,6.453249704463814851e-02
-3.819062027105246671e-03,-3.270700498515566323e-02,2.013718053319735191e-01,2.524375875509576872e-03,3.621063092232361669e-01,-9.973423179167184571e-01,-1.867996039337640468e-01,7.269722378623555414e-02
8.758483971178065985e-03,-3.084807530254352059e-02,1.858236270893485198e-01,2.435847788547107484e-02,3.541784874964832852e-01,-9.918359968814911554e-01,-1.789265110397764147e-01,8.307383293504244648e-02
2.256650142408034299e-02,-2.679996033882048323e-02,1.701858408030147984e-01,4.554141215521667618e-02,3.468438850818529318e-01,-9.849437114362444845e-01,-1.698494838763053849e-01,9.527620159315119963e-02
3.690446665495983325e-02,-2.122061573365385811e-02,1.550074653598585428e-01,6.506940576582564972e-02,3.398415094015945215e-01,-9.773546664237073855e-01,-1.599958071078617650e-01,1.089025938181293895e-01
5.103619683541182894e-02,-1.482881785432255128e-02,1.408175547558130347e-01,8.197806067437340971e-02,3.328427441228996031e-01,-9.697961493948241696e-01,-1.498361614857230961e-01,1.235553049173176987e-01
6.423817820905242115e-02,-8.355709466115968098e-03,1.280998690331216494e-01,9.539795469936507288e-02,3.254868618319051166e-01,-9.629723214084151550e-01,-1.398550956720328031e-01,1.388578282130765729e-01
7.584692639466084074e-02,-2.496581599700675724e-03,1.172701721716293832e-01,1.046068759478657739e-01,3.174192805754501023e-01,-9.575044035468636139e-01,-1.305210032001014042e-01,1.544689405000099214e-01
8.530189257362508215e-02,2.133688860453730740e-03,1.086574223804745998e-01,1.090749419799976749e-01,3.083291123889466689e-01,-9.538775373262069479e-01,-1.222577830519639974e-01,1.700932781932351645e-01
9.218077460536733270e-02,5.038442370164375461e-03,1.024899078267935693e-01,1.084992696396511747e-01,2.979827326112172159e-01,-9.523990561947357492e-01,-1.154201902102158783e-01,1.854881604467664147e-01
9.622470331669319421e-02,5.867745674635216346e-03,9.888708712151128566e-02,1.028255697819986381e-01,2.862505637558570015e-01,-9.531719254850941070e-01,-1.102745452521958214e-01,2.004666055163397687e-01
9.735159609590482432e-02,4.435839564621346653e-03,9.785753744336034288e-02,9.225498306113877334e-02,2.731249656380896340e-01,-9.560857757164740178e-01,-1.069860059476468450e-01,2.148966791828570422e-01
9.565692871001374442e-02,7.266570323736232240e-04,9.930301770123151073e-02,7.723556547534826677e-02,2.587279743524959486e-01,-9.608263988466205774e-01,-1.056130525405478693e-01,2.286975037259253440e-01
9.140218350512441248e-02,-5.112511709569389495e-03,1.030282531623925024e-01,5.843897978047607467e-02,2.433085531265533064e-01,-9.669029387086993665e-01,-1.061092531830354346e-01,2.418324293867044616e-01
8.499219719487882685e-02,-1.278822217824426843e-02,1.087556711418073974e-01,3.672404573808307759e-02,2.272299195624327695e-01,-9.736904441720071191e-01,-1.083318119764271614e-01,2.543000216173822992e-01
7.694346840071375482e-02,-2.188716993973116587e-02,1.161440010423575586e-01,1.308975307438231539e-02,2.109483143995021237e-01,-9.804841088912326086e-01,-1.120559060714185762e-01,2.661236299391021021e-01
6.784612221053976100e-02,-3.190918974237888506e-02,1.248094191471409431e-01,-1.137893826489744242e-02,1.949852115194516955e-01,-9.865605207364751550e-01,-1.169934326596830942e-01,2.773403714654705254e-01
5.832261643990932498e-02,-4.230418978286820675e-02,1.343477918032931484e-01,-3.556875377216783818e-02,1.798953894563055655e-01,-9.912406745297630550e-01,-1.228145376290967761e-01,2.879903734010440530e-01
4.898638613849470858e-02,-5.251011837546570860e-02,1.443565563417905651e-01,-5.839534296137571801e-02,1.662334698871745786e-01,-9.939494121717871167e-01,-1.291702002012016237e-01,2.981070725763856899e-01
4.040346236797631718e-02,-6.198917347134624833e-02,1.544548792016939842e-01,-7.885642774817824829e-02,1.545214774628220766e-01,-9.942663426709259511e-01,-1.357141984263989798e-01,3.077092656094464473e-01
3.305969469874980859e-02,-7.025980019375310803e-02,1.643009286494816479e-01,-9.607767024863278493e-02,1.452197138933115639e-01,-9.919641152591793798e-01,-1.421229651533622018e-01,3.167954489254043438e-01
2.733560556225711480e-02,-7.692253273222604548e-02,1.736053787426499184e-01,-1.093487776706751902e-01,1.387028053873109457e-01,-9.870310875985524035e-01,-1.481121352193213170e-01,3.253407928586966591e-01
2.349017171218292788e-02,-8.167836697504071708e-02,1.821405903260711057e-01,-1.181482197880541207e-01,1.352422337490679638e-01,-9.796768266655817570e-01,-1.534489474187239466e-01,3.332968764043471310e-01
2.165403906838037074e-02,-8.433903350498894724e-02,1.897452653477103013e-01,-1.221558582328725606e-01,1.349960547099726682e-01,-9.703203716348980379e-01,-1.579600617343430713e-01,3.405940843713324284e-01
2.183190414143609814e-02,-8.482921376287322346e-02,1.963247099743057333e-01,-1.212536901039129589e-01,1.380059041898675787e-01,-9.595626323398391833e-01,-1.615347443273549288e-01,3.471463568021135870e-01
2.391310676648572553e-02,-8.318134671267785052e-02,2.018471426638370758e-01,-1.155157172634062590e-01,1.442008437252297881e-01,-9.481455657037258788e-01,-1.641237272979196860e-01,3.528577999677509069e-01
2.768892738640715834e-02,-7.952416375789539416e-02,2.063367229657160351e-01,-1.051886038676457247e-01,1.534071468695401563e-01,-9.369017575068028236e-01,-1.657343396711894457e-01,3.576305329406750388e-01
3.287470580835361034e-02,-7.406643420540603984e-02,2.098641395200502302e-01,-9.066524261834274512e-02,1.653628012386434420e-01,-9.266986612510663690e-01,-1.664227127428148378e-01,3.613730644392489921e-01
3.913471271880553104e-02,-6.707759011584357722e-02,2.125356773310613789e-01,-7.245359230910253245e-02,1.797353131769341417e-01,-9.183819728214075440e-01,-1.662839795853869873e-01,3.640084783237398369e-01
4.610770904218952637e-02,-5.886692809582427799e-02,2.144816835341316619e-01,-5.114318517189531121e-02,1.961413480507872009e-01,-9.127224504377409176e-01,-1.654414151560104074e-01,3.654817499464115826e-01
5.343130142318841536e-02,-4.976297474885882366e-02,2.158452785902227333e-01,-2.737155060458462685e-02,2.141668083982040116e-01,-9.103699622714884754e-01,-1.640354107948951423e-01,3.657656151008268353e-01
6.076351092451659497e-02,-4.009437851564712219e-02,2.167720302438738145e-01,-1.792503728211158887e-03,2.333861159181651601e-01,-9.118177324075986689e-01,-1.622130595862927294e-01,3.648645574630791089e-01
6.780037440148589667e-02,-3.017338915708478453e-02,2.174011381603122572e-01,2.495215290218766313e-02,2.533796983102547529e-01,-9.173787487752633751e-01,-1.601189660327690945e-01,3.628166527159919497e-01
7.428884785622358322e-02,-2.028264214953878763e-02,2.178584877501634764e-01,5.225642267760122195e-02,2.737489516389359778e-01,-9.271752023996668868e-01,-1.578877078688947222e-01,3.596931937718181871e-01
8.003473238568403758e-02,-1.066561683381905823e-02,2.182517414080393792e-01,7.956877099240955431e-02,2.941282294627853844e-01,-9.411407478223736689e-01,-1.556381849854915345e-01,3.555962015398108633e-01
8.490575806354172528e-02,-1.520812774742807960e-03,2.186674600834521698e-01,1.064054433209093986e-01,3.141936719844125037e-01,-9.590344058588016196e-01,-1.534699128949341684e-01,3.506540869293530704e-01
8.883030699507799000e-02,7.000586555193422100e-03,2.191701002134323062e-01,1.323586136277299374e-01,3.336689184661736363e-01,-9.804641472387629619e-01,-1.514611644324759254e-01,3.450158564792218385e-01
9.179251330715487711e-02,1.479400428110011489e-02,2.198026196649607300e-01,1.570998201805196004e-01,3.523279264454686199e-01,-1.004917650586776290e+00,-1.496687452913647576e-01,3.388443388030282222e-01
9.382463775182259269e-02,2.179829655381126940e-02,2.205883546125733119e-01,1.803793486869835760e-01,3.699952531328563055e-01,-1.031797444536096009e+00,-1.481291089210117207e-01,3.323089491641439963e-01
