2.363225997303721737e-01,-5.956370989257031567e-02,3.163803365334920681e-01,-7.715864871721267448e-03,-5.220582571543626038e-01,-6.876203655908057488e-01,2.516443321506571795e-01,4.347165858781196768e-01
2.371776127105675869e-01,-6.138354873094442610e-02,3.240553642861669914e-01,-9.448337386675609295e-03,-5.257303951494165517e-01,-7.011098646447813110e-01,2.528458079542375003e-01,4.568694477014076938e-01
2.366387152173672348e-01,-6.284709639291463645e-02,3.298676124447155189e-01,-1.136482035602837115e-02,-5.251335972409520991e-01,-7.103410030904200312e-01,2.525819187486177952e-01,4.768295878400010679e-01
2.351629199453819652e-01,-6.389416871496678141e-02,3.339155650735676772e-01,-1.344375672774900110e-02,-5.205546563863947540e-01,-7.156739560817033663e-01,2.510191660356326793e-01,4.944340891753498113e-01
2.332530164943307227e-01,-6.447407746139788287e-02,3.363431980071425187e-01,-1.565092811496437974e-02,-5.124073383944676152e-01,-7.175964526457789816e-01,2.483711727602724295e-01,5.095868899945230623e-01
2.314272472608678299e-01,-6.454852171492575508e-02,3.373276869677610534e-01,-1.793835946159827444e-02,-5.012111861036032678e-01,-7.166938990626761097e-01,2.448857057401880866e-01,5.222633868449833017e-01
2.301869720620590698e-01,-6.409416622148000897e-02,3.370654320715971153e-01,-2.024388204613725151e-02,-4.875649355016662412e-01,-7.136142063155013204e-01,2.408294301695832473e-01,5.325123403506637487e-01
2.299847848334071188e-01,-6.310470912427490475e-02,3.357575751869603664e-01,-2.249154857546864505e-02,-4.721162227878039630e-01,-7.090298559984695714e-01,2.364713936074736012e-01,5.404548261292916322e-01
2.311956372703889429e-01,-6.159224914915739646e-02,3.335962503796281453e-01,-2.459306758421853090e-02,-4.555294783221484067e-01,-7.035999503037828617e-01,2.320663400276430366e-01,5.462800685303363935e-01
2.340933865456094054e-01,-5.958778713500123558e-02,3.307527567553165682e-01,-2.645037553272011621e-02,-4.384539716309632240e-01,-6.979349674925572344e-01,2.278389719940605573e-01,5.502381141026688738e-01
2.388348166303728703e-01,-5.714073929073038016e-02,3.273686779370308386e-01,-2.795939375721978593e-02,-4.214938921068096533e-01,-6.925666855266285893e-01,2.239702104834009333e-01,5.526294460314318258e-01
2.454526077966789899e-01,-5.431739820107850392e-02,3.235507050416970287e-01,-2.901492608622735503e-02,-4.051821375348936272e-01,-6.879252671708115940e-01,2.205863550381081950e-01,5.537918085924502520e-01
2.538579912937883876e-01,-5.119834915672072384e-02,3.193695729340788603e-01,-2.951654649733193025e-02,-3.899591632276724340e-01,-6.843248642072197185e-01,2.177518365581363469e-01,5.540846959488874290e-01
2.638529893943513116e-01,-4.787492856530661811e-02,3.148631239832582196e-01,-2.937521254406849636e-02,-3.761578523868820412e-01,-6.819583567990719075e-01,2.154660008668543014e-01,5.538721516942359813e-01
2.751512813552245973e-01,-4.444489145737406943e-02,3.100431068238549415e-01,-2.852022939813014801e-02,-3.639949406294817891e-01,-6.809010664425230175e-01,2.136640858831242440e-01,5.535047087593056858e-01
2.874059356455660463e-01,-4.100752902559179347e-02,3.049049392929532587e-01,-2.690609320354298006e-02,-3.535691011918515869e-01,-6.811225399697775629e-01,2.122222814608676345e-01,5.533014549880022059e-01
3.002415876572399611e-01,-3.765853698610044376e-02,2.994393531051855462e-01,-2.451867315431499605e-02,-3.448654038064660199e-01,-6.825048656166927685e-01,2.109665094013735143e-01,5.535333168952547567e-01
3.132881892627068510e-01,-3.448497488830071234e-02,2.936446257671718740e-01,-2.138016096323269721e-02,-3.377655242845776229e-01,-6.848655066961839566e-01,2.096843480961751993e-01,5.544086932994218841e-01
3.262132627636162852e-01,-3.156066960559655854e-02,2.875380170620474019e-01,-1.755223340595435388e-02,-3.320628183217877449e-01,-6.879823637488584609e-01,2.081393627213401487e-01,5.560625250126065566e-01
3.387496841812236426e-01,-2.894240073987930373e-02,2.811650759583983472e-01,-1.313694414672994526e-02,-3.274811881655068646e-01,-6.916187217092044648e-01,2.060869928570809861e-01,5.585497470755171889e-01
3.507163988378465547e-01,-2.666716058297424752e-02,2.746056688009446134e-01,-8.274985749732621798e-03,-3.236965620419596235e-01,-6.955459025533627937e-01,2.032910942583612268e-01,5.618438344035325827e-01
3.620301072326554959e-01,-2.475071000230855134e-02,2.679758873850062173e-01,-3.141136917518494442e-03,-3.203597652194503098e-01,-6.995618030528305553e-01,1.995402254898408501e-01,5.658408292238163995e-01
3.727067963097070447e-01,-2.318755874284761376e-02,2.614253995249384843e-01,2.063077132344659503e-03,-3.171195763093237474e-01,-7.035040107879950710e-01,1.946628051861125641e-01,5.703688486219107290e-01
3.828529540849459067e-01,-2.195239253524050582e-02,2.551302681835068142e-01,7.119247792861216340e-03,-3.136448203804320656e-01,-7.072568046350085069e-01,1.885403333817521343e-01,5.752026417603133268e-01
3.926473035141242462e-01,-2.100285860433359630e-02,2.492817435818892591e-01,1.180396866564059621e-02,-3.096444403786335897e-01,-7.107519962255111068e-01,1.811179625458407827e-01,5.800823352699921998e-01
4.023148280619466277e-01,-2.028351599642519432e-02,2.440719787736043145e-01,1.590202539980900553e-02,-3.048846033188965521e-01,-7.139641919654167168e-01,1.724118151410038990e-01,5.847351127072784038e-01
4.120956438691933954e-01,-1.973066669211220869e-02,2.396779865993607928e-01,1.921999824777920196e-02,-2.992020336487257737e-01,-7.169015913075327262e-01,1.625125714792829967e-01,5.888982603346448741e-01
4.222118222183368630e-01,-1.927771574946746114e-02,2.362454047010373870e-01,2.159927682826889850e-02,-2.925129242194088874e-01,-7.195938363842913077e-01,1.515849950717438333e-01,5.923418132640563272e-01
4.328355224476325702e-01,-1.886066991391999181e-02,2.338737354978093208e-01,2.292745843819865570e-02,-2.848169576643613254e-01,-7.220786554473050955e-01,1.398632238292520924e-01,5.948889809324100497e-01
4.440617285191947872e-01,-1.842337663629223243e-02,2.326046634847216410e-01,2.314716281214046489e-02,-2.761961818039253558e-01,-7.243890801159409421e-01,1.276418377021855122e-01,5.964326342069057318e-01
4.558884921887411679e-01,-1.792213013391119603e-02,2.324148224923305861e-01,2.226144847700517460e-02,-2.668087228362310270e-01,-7.265428651687955153e-01,1.152629177772723779e-01,5.969463986600089811e-01
4.682069036945506468e-01,-1.732932406207510212e-02,2.332140069052002218e-01,2.033525043076167549e-02,-2.568775878708038363e-01,-7.285354188716581803e-01,1.030995361543318722e-01,5.964893042227572550e-01
4.808020980106633147e-01,-1.663590708949413965e-02,2.348493249009493411e-01,1.749255850780251365e-02,-2.466750952396523644e-01,-7.303370972449414467e-01,9.153635456573283591e-02,5.952034598059299242e-01
4.933655459565642332e-01,-1.585248966102881241e-02,2.371152235652971285e-01,1.390939583507488919e-02,-2.365037628594564012e-01,-7.318951755122213854e-01,8.094824872023309581e-02,5.933048086818075717e-01
5.055177751544732700e-01,-1.500905017064724234e-02,2.397687291080501382e-01,9.803007085292136935e-03,-2.266747609910453320e-01,-7.331402405566223024e-01,7.167809797761037771e-02,5.910676239636813989e-01
5.168396233731016309e-01,-1.415328711391339311e-02,2.425486985149518659e-01,5.417994129729208908e-03,-2.174852714133521658e-01,-7.339962086154372400e-01,6.401506246652388654e-02,5.888039663314543759e-01
5.269092485334283538e-01,-1.334775336886195873e-02,2.451974280666604500e-01,1.010410570767561467e-03,-2.091962626441272732e-01,-7.343927187731509321e-01,5.817478719154678402e-02,5.868397932518973903e-01
5.353414946411731989e-01,-1.266598321581113851e-02,2.474826586405356466e-01,-3.168981209814347721e-03,-2.020122657822867041e-01,-7.342783330557125510e-01,5.428300056064472301e-02,5.854897326391892420e-01
5.418259058109100579e-01,-1.218787757056816190e-02,2.492178937787912218e-01,-6.890996786083292136e-03,-1.960646960340000078e-01,-7.336328231975812741e-01,5.236389228934967832e-02,5.850326789601467681e-01
5.461597264291100373e-01,-1.199464629053181852e-02,2.502790241420029815e-01,-9.962589376019792553e-03,-1.914001002674012852e-01,-7.324768611007925756e-01,5.233445066710373794e-02,5.856903176642163089e-01
5.482726254586651748e-01,-1.216361885326477932e-02,2.506155314003990497e-01,-1.223854759662401648e-02,-1.879744189218399697e-01,-7.308776551411710898e-01,5.400560985435731709e-02,5.876104349302977425e-01
5.482406025586925580e-01,-1.276322740977775538e-02,2.502550060367525475e-01,-1.362943426443763428e-02,-1.856539449702268030e-01,-7.289494690664355403e-01,5.709061612537880137e-02,5.908564441017460922e-01
5.462875077342630448e-01,-1.384844327230894123e-02,2.493003182100892445e-01,-1.410518807677263453e-02,-1.842231672007983434e-01,-7.268484882432062477e-01,6.122049345344748872e-02,5.954039951078584636e-01
5.427737431363652831e-01,-1.545691281580729992e-02,2.479194739146350912e-01,-1.369418029490532263e-02,-1.833991389803486527e-01,-7.247621090216398443e-01,6.596591247739524988e-02,6.011448817913560561e-01
5.381729069457321657e-01,-1.760599557064779219e-02,2.463289050214143572e-01,-1.247790635920154045e-02,-1.828514614744563005e-01,-7.228933599427307399e-01,7.086419164215840283e-02,6.078977853844662604e-01
5.330382705024589995e-01,-2.029085926460538758e-02,2.447716109985549338e-01,-1.058186099465885377e-02,-1.822264639095010352e-01,-7.214417535602990483e-01,7.544964079966121062e-02,6.154247568533719459e-01
5.279619412116005606e-01,-2.348373635049938457e-02,2.434921240775338447e-01,-8.163461285263906575e-03,-1.811737530588288791e-01,-7.205823513440350325e-01,7.928505150766795850e-02,6.234518082618478729e-01
5.235302617760595467e-01,-2.713439529316019616e-02,2.427106497120803397e-01,-5.398115931853908478e-03,-1.793730340177717153e-01,-7.204451460323468837e-01,8.199189500442116696e-02,6.316916073056972891e-01
5.202793623671482237e-01,-3.117182797041095910e-02,2.425988962827432260e-01,-2.464670270704516497e-03,-1.765590082027301833e-01,-7.210969847520232179e-01,8.327674679571828165e-02,6.398660889755092285e-01
5.186547806439989472e-01,-3.550710193076156429e-02,2.432600289675974636e-01,4.685251759291020335e-04,-1.725422506178801996e-01,-7.225281495210253979e-01,8.295163766342739109e-02,6.477268325625118450e-01
5.189786947714338794e-01,-4.003727215467733913e-02,2.447148617321772690e-01,3.255769471508074275e-03,-1.672242566532986530e-01,-7.246453783228048451e-01,8.094643523145350628e-02,6.550713012561573123e-01
5.214276124480221597e-01,-4.465019212238985347e-02,2.468958626667472345e-01,5.783431814066375409e-03,-1.606053102150326595e-01,-7.272725720388564241e-01,7.731196513259419589e-02,6.617534819561115000e-01
5.260223927711678016e-01,-4.923000839153246488e-02,2.496498368302582094e-01,7.975957171758807362e-03,-1.527844232509778521e-01,-7.301597338806402604e-01,7.221334290488812258e-02,6.676880531100550797e-01
5.326313409205454263e-01,-5.366306995574632310e-02,2.527493322502323281e-01,9.798105514406074690e-03,-1.439512790457229130e-01,-7.329998906641321810e-01,6.591384227476737578e-02,6.728478912776836296e-01
5.409859181005600703e-01,-5.784393617204841576e-02,2.559119657023529726e-01,1.125342325536493604e-02,-1.343708170902573329e-01,-7.354529253267685363e-01,5.875049584710723138e-02,6.772554345368462236e-01
5.507074657168828935e-01,-6.168113043850098620e-02,2.588260676819800210e-01,1.237928332787774366e-02,-1.243617585687388782e-01,-7.371744885288364912e-01,5.110342596435657470e-02,6.809690816527336210e-01
5.613423621739173086e-01,-6.510226680711639347e-02,2.611803803839620741e-01,1.323912449609210285e-02,-1.142709252708300482e-01,-7.378475344100934308e-01,4.336155445798794972e-02,6.840663512974742844e-01
5.724023047304456213e-01,-6.805817887880039052e-02,2.626950774147189804e-01,1.391274613274973149e-02,-1.044455957335230778e-01,-7.372136116444494291e-01,3.588776855440301006e-02,6.866258977327106550e-01
5.834060035783465992e-01,-7.052570976020433591e-02,2.631511600469593759e-01,1.448565290982273268e-02,-9.520633085230656434e-02,-7.351008881605309853e-01,2.898677217672229744e-02,6.887106345021720699e-01
5.939185247622305042e-01,-7.250888143653355655e-02,2.624153501290038548e-01,1.503848587564959871e-02,-8.682266517598691280e-02,-7.314460258735380194e-01,2.287869965084610158e-02,6.903541345673147589e-01
6.035848221421957760e-01,-7.403825235178373987e-02,2.604579444646333286e-01,1.563752228835824098e-02,-7.949380068112077424e-02,-7.263074508982185762e-01,1.768111159162799595e-02,6.915521541677662754e-01
6.121546209421921958e-01,-7.516838967649164260e-02,2.573616930570779004e-01,1.632708564988050171e-02,-7.333597912293043919e-02,-7.198682579839044138e-01,1.340126307832179009e-02,6.922605937859316327e-01
6.194966917448709864e-01,-7.597352196398787783e-02,2.533205619553200449e-01,1.712449667117255103e-02,-6.837758873507482349e-02,-7.124278884440400361e-01,9.939590128396957880e-03,6.924005100485146613e-01
6.256015947277120404e-01,-7.654158793138776673e-02,2.486281669857817178e-01,1.801793825563180462e-02,-6.456233994185822667e-02,-7.043827505491151442e-01,7.104287738002312835e-03,6.918699927309717168e-01
6.305730775091404894e-01,-7.696704600357406889e-02,2.436566310985881501e-01,1.896732855818683561e-02,-6.176009071396038053e-02,-6.961970135834576467e-01,4.635750944089522818e-03,6.905619009739893954e-01
6.346093684781237698e-01,-7.734294163719823700e-02,2.388275320457751150e-01,1.990802279694037225e-02,-5.978418766380855232e-02,-6.883657989318123782e-01,2.238627871065546060e-03,6.883856958213527832e-01
6.379765214248038774e-01,-7.775283197452154127e-02,2.345773804926238881e-01,2.075692079502644560e-02,-5.841358174257038627e-02,-6.813738132663900160e-01,-3.816039734374498948e-04,6.852909961236264280e-01
6.409766520399386991e-01,-7.826322564596921438e-02,2.313206242592968920e-01,2.142036364223542932e-02,-5.741753687289019581e-02,-6.756530319711089305e-01,-3.481189395188266644e-03,6.812900931045078323e-01
6.439143029629406101e-01,-7.891719996541723958e-02,2.294134564883734129e-01,2.180307336930553674e-02,-5.658051697855626117e-02,-6.715432809491801436e-01,-7.243645711241697427e-03,6.764765397712153572e-01
6.470642500425469734e-01,-7.972980246995575726e-02,2.291216836961211811e-01,2.181733174847266810e-02,-5.572483459991417476e-02,-6.692594456431208982e-01,-1.175202213789816597e-02,6.710371148054719015e-01
6.506438195548582826e-01,-8.068572856291211792e-02,2.305955836676503168e-01,2.139160800239636728e-02,-5.472887202950005303e-02,-6.688685568703078843e-01,-1.697104012055206113e-02,6.652549469605446575e-01
6.547922558615368871e-01,-8.173959758823912125e-02,2.338540811823577314e-01,2.047792424028216374e-02,-5.353912136615690542e-02,-6.702791979873552464e-01,-2.274140650479239412e-02,6.595023454149213649e-01
6.595589190046950989e-01,-8.281893831281195162e-02,2.387797482591622611e-01,1.905737962154319121e-02,-5.217489039068823331e-02,-6.732446150859914269e-01,-2.878744460849702591e-02,6.542228542807606573e-01
6.649011821474459794e-01,-8.382975834638273227e-02,2.451251718701996651e-01,1.714342419889902658e-02,-5.072522900172771187e-02,-6.773796862338770097e-01,-3.473787756274759886e-02,6.499031496829275056e-01
6.706919299972469162e-01,-8.466433166540809907e-02,2.525302171358134729e-01,1.478266350699186660e-02,-4.933837750786551624e-02,-6.821906314135048888e-01,-4.015824867337869364e-02,6.470365217976450367e-01
6.767356269549225090e-01,-8.521061726196421660e-02,2.605487437715510168e-01,1.205316775813969343e-02,-4.820475261840329040e-02,-6.871151432536635184e-01,-4.459220872877267539e-02,6.460807177390961442e-01
6.827911159203949865e-01,-8.536254194859793643e-02,2.686824991141065766e-01,9.060439829042366000e-03,-4.753510111459036125e-02,-6.915696064232292883e-01,-4.760786926453874912e-02,6.474137518141560577e-01
6.885987009368363942e-01,-8.503026297057658667e-02,2.764192895193673394e-01,5.931351361191161686e-03,-4.753590792688555666e-02,-6.949993532047642475e-01,-4.884472830190134118e-02,6.512918186604110815e-01
6.939087115017912311e-01,-8.414948440167790977e-02,2.832721791926360311e-01,2.806478100723097668e-03,-4.838440340608940460e-02,-6.969275463087569733e-01,-4.805640361792029580e-02,6.578135960101008095e-01
6.985086719594164606e-01,-8.268894515640567988e-02,2.888164108179580580e-01,-1.686494891046663724e-04,-5.020555068858811865e-02,-6.969983299754289874e-01,-4.514460508016782114e-02,6.668949552765752742e-01
7.022464056624926343e-01,-8.065532548971532378e-02,2.927209857235766322e-01,-2.852817270465379806e-03,-5.305320902607491007e-02,-6.950103449855760118e-01,-4.018044159556666273e-02,6.782574086705608352e-01
7.050468627259931509e-01,-7.809502443524252158e-02,2.947723542878293301e-01,-5.118343996493024406e-03,-5.689728252173154033e-02,-6.909375256694261225e-01,-3.341024457995445118e-02,6.914325497109530261e-01
7.069211223061699911e-01,-7.509252702584490180e-02,2.948883960848434072e-01,-6.859683521163617570e-03,-6.161811544370721094e-02,-6.849352110714903574e-01,-2.524450709324810305e-02,7.057833737660530460e-01
7.079668155779188510e-01,-7.176538414569222368e-02,2.931217410864519479e-01,-8.000893094440186815e-03,-6.700873948375374312e-02,-6.773309048531359622e-01,-1.623015957966345013e-02,7.205418130211000971e-01
7.083600637009226375e-01,-6.825614112221956020e-02,2.896524136129983162e-01,-8.501506507940348456e-03,-7.278487777557529625e-02,-6.686003863874248054e-01,-7.008074369878158905e-03,7.348602296428907721e-01
7.083398436526522346e-01,-6.472184443737205584e-02,2.847706827067213453e-01,-8.360424239484132158e-03,-7.860193059605080634e-02,-6.593311799015282304e-01,1.740751115448802011e-03,7.478731386936487979e-01
7.081864044151870985e-01,-6.132199967487395043e-02,2.788517949260267415e-01,-7.617518723456839780e-03,-8.407757028908235952e-02,-6.501765062050139932e-01,9.355601478091557510e-03,7.587642310415958491e-01
7.081958924100320019e-01,-5.820602314724965254e-02,2.723248809325014008e-01,-6.352751225790598255e-03,-8.881810967432102188e-02,-6.418036684389676338e-01,1.525744229775227723e-02,7.668329717025699210e-01
7.086536601894124487e-01,-5.550130554001952987e-02,2.656387182566959382e-01,-4.682708966889492785e-03,-9.244651594144670526e-02,-6.348412838766535060e-01,1.900536517996442853e-02,7.715547628642980271e-01
7.098088023564343985e-01,-5.330297852378862444e-02,2.592271751306043370e-01,-2.754597652142365405e-03,-9.462984066703938879e-02,-6.298298284241923284e-01,2.034236061081173830e-02,7.726289372944847855e-01
7.118522874996244809e-01,-5.166634449597040657e-02,2.534770552621239403e-01,-7.378665797759254019e-04,-9.510392594074801309e-02,-6.271796095633703771e-01,1.922550454446536605e-02,7.700096918174494931e-01
7.149006577149918940e-01,-5.060270539524935884e-02,2.487007347031067184e-01,1.186202269494174288e-03,-9.369351040913898032e-02,-6.271395664592773755e-01,1.583696835450609797e-02,7.639164241811613465e-01
7.189866932342852124e-01,-5.007902752277004765e-02,2.451154732327722741e-01,2.836447503362649059e-03,-9.032626404496113537e-02,-6.297792868174383329e-01,1.057399482579057803e-02,7.548216941938790114e-01
7.240577483223376021e-01,-5.002153443274437450e-02,2.428306509200410801e-01,4.044670112087089819e-03,-8.503978401768108597e-02,-6.349854289550194153e-01,4.017968506104807602e-03,7.434170352100863965e-01
7.299817258864891301e-01,-5.032295880573656177e-02,2.418434903854631557e-01,4.668565398297630509e-03,-7.798113669832673622e-02,-6.424724622695521248e-01,-3.115240063380042557e-03,7.305589111304016114e-01
7.365599446150383756e-01,-5.085284324468375416e-02,2.420431410889705148e-01,4.603833118963507332e-03,-6.939908394360827515e-02,-6.518064093589828190e-01,-1.003956124304750119e-02,7.171990450492558011e-01
7.435455308721259371e-01,-5.146999042608513264e-02,2.432223824575885374e-01,3.794490845088205333e-03,-5.962963956881139893e-02,-6.624392024942267199e-01,-1.597196432112468756e-02,7.043049473631981527e-01
7.506654949437177038e-01,-5.203595364946522750e-02,2.450956938721446932e-01,2.240419442394170346e-03,-4.907603048741293605e-02,-6.737504497810959947e-01,-2.020788184427146916e-02,6.927775717551867274e-01
7.576443675833104408e-01,-5.242834987257083412e-02,2.473220738243071537e-01,1.255638359509703150e-06,-3.818445985962171108e-02,-6.850929081010690425e-01,-2.219159610876886290e-02,6.833735047014215525e-01
7.642271989359983309e-01,-5.255277993819618132e-02,2.495307824249266559e-01,-2.804077128189419454e-03,-2.741727754892053781e-02,-6.958378156238040901e-01,-2.157459740192280151e-02,6.766388789305892715e-01
7.701998575681159309e-01,-5.235225525302666938e-02,2.513481293801760330e-01,-6.002640763789202083e-03,-1.722525433251576032e-02,-7.054164428290619071e-01,-1.825585197002510540e-02,6.728612945155418856e-01
7.754048921165406227e-01,-5.181324513159779599e-02,2.524235183948349004e-01,-9.377649789357178634e-03,-8.020642894734919537e-03,-7.133547439259473322e-01,-1.239947226713411510e-02,6.720444986524398701e-01
7.797516943349478424e-01,-5.096775578294909792e-02,2.524531617013963114e-01,-1.268321598125510263e-02,-1.526058676972752437e-04,-7.192987646687356573e-01,-4.427330815815366805e-03,6.739085508536390989e-01
7.832202785798187961e-01,-4.989120101345179137e-02,2.512001633474483242e-01,-1.566291175996781249e-02,6.113579570410365704e-03,-7.230294041621618817e-01,5.013483873881341424e-03,6.779158653605463769e-01
7.858586113571845999e-01,-4.869619390592561103e-02,2.485100013439023314e-01,-1.807096134346863892e-02,1.061235101224156097e-02,-7.244661389152042830e-01,1.510602742109767860e-02,6.833210991305804782e-01
7.877740237898933628e-01,-4.752274399288580753e-02,2.443207856251774501e-01,-1.969448914336879852e-02,1.328778722836432280e-02,-7.236603003102004550e-01,2.493704217431513825e-02,6.892405715259428689e-01
7.891197649765047117e-01,-4.652565259311813861e-02,2.386680032104777638e-01,-2.037497365327567422e-02,1.419697020628518658e-02,-7.207793594176905572e-01,3.358213739556958899e-02,6.947349893196133053e-01
7.900781575738449192e-01,-4.586013294192525791e-02,2.316837653429502097e-01,-2.002691406604384383e-02,1.350641230601468123e-02,-7.160843433951527004e-01,4.019473084099445259e-02,6.988978967845014267e-01
7.908420657209376259e-01,-4.566682190943538444e-02,2.235908319601094263e-01,-1.865174777256584093e-02,1.148148733682319289e-02,-7.099029329062318538e-01,4.409027088422590168e-02,7.009416197840891982e-01
7.915964635829482177e-01,-4.605738578629825497e-02,2.146919029742093699e-01,-1.634527955918940734e-02,8.469130149933334906e-03,-7.026009462319393606e-01,4.481745889461308252e-02,7.002725994564116263e-01
7.925017994061533955e-01,-4.710185399198962841e-02,2.053548358192074375e-01,-1.329729760343667522e-02,4.874416399616166018e-03,-6.945548047493161903e-01,4.220920012448914349e-02,6.965489150193207024e-01
7.936806024364102541e-01,-4.881865175957500469e-02,1.959945795101702970e-01,-9.782638713765834382e-03,1.131997962147579528e-03,-6.861272248168575061e-01,3.640774888754094718e-02,6.897144005108657439e-01
7.952084091784286102e-01,-5.116806411660945741e-02,1.870527146793392603e-01,-6.143686761163280607e-03,-2.326258789253188297e-03,-6.776478420105718214e-01,2.786083056253119139e-02,6.800059217787293164e-01
7.971096311770224929e-01,-5.404957374139485182e-02,1.789755606303060631e-01,-2.765085424293545202e-03,-5.105722680127655622e-03,-6.693998097969142691e-01,1.728820506286865566e-02,6.679328947579961095e-01
7.993584963709849944e-01,-5.730320366910746088e-02,1.721918586426909314e-01,-4.224926934170980530e-05,-6.883502518576278817e-03,-6.616126999775246986e-01,5.620934257422049996e-03,6.542307537783926819e-01
8.018847178299495226e-01,-6.071469058861111989e-02,1.670910626276054245e-01,1.654015017180654468e-03,-7.440722495630325284e-03,-6.544613399609602311e-01,-6.081741636080550961e-03,6.397925694059267698e-01
8.045831212856171533e-01,-6.402404362961533479e-02,1.640032611744572932e-01,2.013890685049091189e-03,-6.690145116408530157e-03,-6.480696216299861590e-01,-1.673078172279929277e-02,6.255851226339927962e-01
8.073261330225420807e-01,-6.693682771037856583e-02,1.631817107356710039e-01,8.227000994054378680e-04,-4.696732490629074164e-03,-6.425178631895391845e-01,-2.531224284484778764e-02,6.125572641165035748e-01
8.099778187984156830e-01,-6.913736542992410250e-02,1.647888724633048696e-01,-2.010485859450739099e-03,-1.688935452875739429e-03,-6.378520393699318447e-01,-3.098916562430531485e-02,6.015491685216147744e-01
8.124080846131391809e-01,-7.030298370409582276e-02,1.688867088864753896e-01,-6.432845532479802841e-03,1.941094252288166899e-03,-6.340931356980945566e-01,-3.319100171302125091e-02,5.932110585288228322e-01
8.145057028320366044e-01,-7.011843984309962252e-02,1.754318098930980341e-01,-1.223892772605950086e-02,5.649558614095440134e-03,-6.312450279788208718e-01,-3.168210936746618245e-02,5.879391173732528841e-01
8.161889985088919275e-01,-6.828973795109050116e-02,1.842756839159847004e-01,-1.907457975884341295e-02,8.765720730480097700e-03,-6.292996174909148976e-01,-2.660262310018879361e-02,5.858347157150092244e-01
8.174132992741078851e-01,-6.455667585578339640e-02,1.951702798523911042e-01,-2.645431079294269239e-02,1.052870014336804161e-02,-6.282384262406708331e-01,-1.847742197514889995e-02,5.866908956668339670e-01
8.181745862307536754e-01,-5.870362754285451956e-02,2.077785130056781782e-01,-3.379153020559044762e-02,1.013476260141032981e-02,-6.280304216801368966e-01,-8.191755571715475526e-03,5.900074960013625969e-01
8.185091494505059018e-01,-5.056824517123459373e-02,2.216892751298473740e-01,-4.043988393880226795e-02,6.792488085011427756e-03,-6.286264350213173202e-01,3.064930501750495750e-03,5.950336093810619786e-01
8.184894138605045555e-01,-4.004794045340531738e-02,2.364361369391190237e-01,-4.574278451654834043e-02,-2.177147471229545772e-04,-6.299510959669873955e-01,1.388257817598059773e-02,6.008334974762874481e-01
8.182164281440407194e-01,-2.710415918318176409e-02,2.515187239289389254e-01,-4.908730630263846706e-02,-1.148399154317303328e-02,-6.318936675649524659e-01,2.273466930819267873e-02,6.063698957245833299e-01
8.178097738150995610e-01,-1.176458313602779526e-02,2.664255837398741278e-01,-4.995799896440189514e-02,-2.740797865862987237e-02,-6.342994733983005062e-01,2.809428670298075303e-02,6.105970287908348837e-01
8.173958358844402028e-01,5.876527912732854020e-03,2.806572798926936230e-01,-4.798593438817277956e-02,-4.815899308687221492e-02,-6.369637265837013729e-01,2.855239769905892899e-02,6.125547777096471691e-01
8.170954706763779996e-01,2.565960715492110467e-02,2.937484503477207909e-01,-4.298848811449573759e-02,-7.364180713011592161e-02,-6.396294732097089764e-01,2.292852970731473761e-02,6.114553748102480313e-01
8.170121104978420590e-01,4.736242637591203675e-02,3.052876595909310709e-01,-3.499596806688032302e-02,-1.034815552529835259e-01,-6.419910517220159818e-01,1.036474497232120484e-02,6.067547482614372711e-01
8.172212664159701490e-01,7.070392178138718009e-02,3.149340407389900065e-01,-2.426220059329153855e-02,-1.370281583203905029e-01,-6.437039645069830840e-01,-9.604642442354816012e-03,5.982021189329316257e-01
8.177622440803418158e-01,9.534907561283034738e-02,3.224299535984300746e-01,-1.125748699399053976e-02,-1.733811901121953269e-01,-6.444014009148304467e-01,-3.701298784289974719e-02,5.858635185713865212e-01
8.186326917976600726e-01,1.209148130301400670e-01,3.276091551570061711e-01,3.356159921722223771e-03,-2.114344673027517274e-01,-6.437169013365178216e-01,-7.145365681935800239e-02,5.701173452196144353e-01
8.197863756732317597e-01,1.469769568011543015e-01,3.304002654056148458e-01,1.876603700273449249e-02,-2.499379610362666426e-01,-6.413118837359093050e-01,-1.121047949691273971e-01,5.516226617469328630e-01
8.211343431000273085e-01,1.730783531966153532e-01,3.308255923250271735e-01,3.406310273211943240e-02,-2.875730606683646329e-01,-6.369060463725872978e-01,-1.577838500397774624e-01,5.312634286888169299e-01
8.225494107147142131e-01,1.987383248178957729e-01,3.289956318214990461e-01,4.830549878209922099e-02,-3.230359215658609173e-01,-6.303080935059597323e-01,-2.070268120378386811e-01,5.100740067350670870e-01
8.238737097711918977e-01,2.234636130951912492e-01,3.250997675920643815e-01,6.058619638999118706e-02,-3.551227365460363217e-01,-6.214438747261965545e-01,-2.581853085630427813e-01,4.891528719915640977e-01
8.249288480422478642e-01,2.467609319746770780e-01,3.193938504878133244e-01,7.009928040285728912e-02,-3.828103826872393256e-01,-6.103789381859883179e-01,-3.095335338293807581e-01,4.695724156879350630e-01
8.255281087097046111e-01,2.681511638984375168e-01,3.121854345051815471e-01,7.619943038905319099e-02,-4.053260702939951443e-01,-5.973327037377771376e-01,-3.593765713985703769e-01,4.522928756418878038e-01
8.254900012886423610e-01,2.871850885885578464e-01,3.038174889024958247e-01,7.844969441487137374e-02,-4.222003595978094381e-01,-5.826819676739773968e-01,-4.061519914912423701e-01,4.380878723538899067e-01
8.246524066552183285e-01,3.034603482910824823e-01,2.946514002651383635e-01,7.665363003835068412e-02,-4.332991605306233396e-01,-5.669522278800513959e-01,-4.485175871395767899e-01,4.274877695113445952e-01
8.228865135296246081e-01,3.166391363902221201e-01,2.850500349873072992e-01,7.086921886028108020e-02,-4.388319871814019280e-01,-5.507963110476907787e-01,-4.854196327714817016e-01,4.207452856410327513e-01
8.201097252909335111e-01,3.264658615407824982e-01,2.753615624881149415e-01,6.140352126047332604e-02,-4.393356556938670110e-01,-5.349609073655301472e-01,-5.161379283135829610e-01,4.178256334064371913e-01
8.162967224312183134e-01,3.327838165150751593e-01,2.659046532598949852e-01,4.878867943723719236e-02,-4.356346167751325993e-01,-5.202427721644653502e-01,-5.403059411928552436e-01,4.184211742576735560e-01
8.114879003984469819e-01,3.355496927260901430e-01,2.569555720522203046e-01,3.374144833070147342e-02,-4.287810213436387130e-01,-5.074374247575406116e-01,-5.579063830991799477e-01,4.219883630205458758e-01
8.057944686381119936e-01,3.348446599311500904e-01,2.487375909124693862e-01,1.710978831275156153e-02,-4.199792513863940258e-01,-4.972840528348569933e-01,-5.692443842526699882e-01,4.278028337359955913e-01
7.993996012376669569e-01,3.308807042058106163e-01,2.414130514639509784e-01,-1.889294550068143508e-04,-4.105008630358497612e-01,-4.904109173225492668e-01,-5.749019165041318047e-01,4.350270094935240195e-01
7.925551799739309899e-01,3.240010084200548590e-01,2.350783123738438007e-01,-1.723296216447067764e-02,-4.015965748130838620e-01,-4.872857735584830152e-01,-5.756781734207834234e-01,4.427837314233329380e-01
7.855738707751243055e-01,3.146733845151175046e-01,2.297617229446586862e-01,-3.315921455559589504e-02,-3.944120405267312890e-01,-4.881756392135230271e-01,-5.725211978124207235e-01,4.502291553299073712e-01
7.788165265357065437e-01,3.034761280005113804e-01,2.254246669926942559e-01,-4.721931933683265470e-02,-3.899136688423823216e-01,-4.931196437548237554e-01,-5.664561587846037582e-01,4.566185552630486200e-01
7.726752073231750728e-01,2.910761518105573487e-01,2.219656201866655465e-01,-5.882462753373829401e-02,-3.888297555095050484e-01,-5.019177279596078733e-01,-5.585153714164334815e-01,4.613596407743898453e-01
7.675524408761020823e-01,2.781998402024328243e-01,2.192270589048348484e-01,-6.757706102963823014e-02,-3.916107768536676303e-01,-5.141367006935979589e-01,-5.496744999827569700e-01,4.640494182926886424e-01
7.638376911213526910e-01,2.655977025478932774e-01,2.170049522515000717e-01,-7.328410474737268032e-02,-3.984110050314484397e-01,-5.291337147019703480e-01,-5.407984931562168640e-01,4.644923558194022917e-01
7.618823324643244632e-01,2.540045465466391761e-01,2.150604639296034293e-01,-7.595763174936109863e-02,-4.090918026186045608e-01,-5.460957239513390959e-01,-5.325997703557732166e-01,4.626994617237869534e-01
7.619747087320547507e-01,2.440974658284176257e-01,2.131333940208151034e-01,-7.579762682856028277e-02,-4.232452103378818720e-01,-5.640920742611115202e-01,-5.256101161776314257e-01,4.588696826053819677e-01
7.643170528222640314e-01,2.364543853927898454e-01,2.109568077712538070e-01,-7.316307904774532744e-02,-4.402349056035745889e-01,-5.821361930313742050e-01,-5.201667286291922210e-01,4.533565932497367612e-01
7.690061211998227009e-01,2.315161669048393378e-01,2.082722357422426285e-01,-6.853324949884154194e-02,-4.592504128040673095e-01,-5.992515001773881522e-01,-5.164119709234000766e-01,4.466245505000188132e-01
7.760193300212563372e-01,2.295553007934358902e-01,2.048447921692968521e-01,-6.246311607446841663e-02,-4.793696722799722920e-01,-6.145362482325253950e-01,-5.143056377783068456e-01,4.391992193091027730e-01
7.852079493923724840e-01,2.306539708788477583e-01,2.004775486423113762e-01,-5.553701808534583506e-02,-4.996247700719322893e-01,-6.272220598297053584e-01,-5.136479795673949411e-01,4.316175983385619475e-01
7.962985164803626503e-01,2.346937711390637560e-01,1.950245187977088790e-01,-4.832437291237567933e-02,-5.190657861830914044e-01,-6.367214666544214197e-01,-5.141113300442157197e-01,4.243823815813811962e-01
8.089030844240596707e-01,2.413586017883062596e-01,1.884016552371576836e-01,-4.134085206327142714e-02,-5.368182910779069061e-01,-6.426607169282760879e-01,-5.152779386025940767e-01,4.179247399506493821e-01
8.225382622367192198e-01,2.501513281276857015e-01,1.805953281657366460e-01,-3.501765356968178367e-02,-5.521309215573637630e-01,-6.448954218205926736e-01,-5.166814906169747701e-01,4.125784893303716672e-01
8.366522735629473573e-01,2.604237209088751115e-01,1.716678411796692671e-01,-2.968057822897662845e-02,-5.644105916089756647e-01,-6.435081300293177264e-01,-5.178497865044846549e-01,4.085672532041826344e-01
8.506585303096585449e-01,2.714181053615902783e-01,1.617596396013141202e-01,-2.553960929991205830e-02,-5.732441191867110319e-01,-6.387885125284356036e-01,-5.183461195665586274e-01,4.060047741018024681e-01
8.639735509063939389e-01,2.823181265830498887e-01,1.510879755294354254e-01,-2.268870766745578749e-02,-5.784062572001857916e-01,-6.311983534714045163e-01,-5.178070322108396795e-01,4.049071262638790358e-01
8.760565234026671533e-01,2.923051909056084696e-01,1.399419095212124375e-01,-2.111465836284764919e-02,-5.798551975567534100e-01,-6.213248370429482748e-01,-5.159743358854029793e-01,4.052143706217066210e-01
8.864474831734128202e-01,3.006165516744658817e-01,1.286736520546583051e-01,-2.071311301041589559e-02,-5.777174850454684929e-01,-6.098265732763366032e-01,-5.127195540007960517e-01,4.068182870973942045e-01
8.948009925573501278e-01,3.066007416600768920e-01,1.176863781124666275e-01,-2.130951703746575276e-02,-5.722648771616150043e-01,-5.973773314967729675e-01,-5.080592979929861031e-01,4.095923001746086811e-01
9.009124024453853963e-01,3.097661445208359510e-01,1.074187890837947634e-01,-2.268241484944155673e-02,-5.638859869804946356e-01,-5.846125049655483963e-01,-5.021605198098768597e-01,4.134196248514854233e-01
9.047342455106104353e-01,3.098189501633896725e-01,9.832684834213978320e-02,-2.458668806295349896e-02,-5.530555574077880010e-01,-5.720829169132457537e-01,-4.953351007388846483e-01,4.182159985653015610e-01
9.063810296315182313e-01,3.066875170898128999e-01,9.086327985573916521e-02,-2.677457585998865852e-02,-5.403039626435202081e-01,-5.602197428463568940e-01,-4.880238316300165025e-01,4.239440905676019611e-01
9.061216172999593255e-01,3.005312047516781604e-01,8.545558905393590976e-02,-2.901280434900854743e-02,-5.261890757319633849e-01,-5.493131554809451700e-01,-4.807704867798747728e-01,4.306177103417212493e-01
9.043594124914307031e-01,2.917329483734647511e-01,8.248353426347421191e-02,-3.109475417433316125e-02,-5.112720416764204856e-01,-5.395059145901086595e-01,-4.741873658349504694e-01,4.382951662196319376e-01
9.016016417651826487e-01,2.808761184169270564e-01,8.225713005504076136e-02,-3.284725233150709300e-02,-4.960978306862671161e-01,-5.308016609582182355e-01,-4.689143224668441690e-01,4.470624233658782032e-01
8.984200076060346873e-01,2.687074244968243875e-01,8.499638538137332944e-02,-3.413221659540965902e-02,-4.811807885562302545e-01,-5.230862743709394636e-01,-4.655738654882952687e-01,4.570079449194963672e-01
8.954058135216769188e-01,2.560886787796334829e-01,9.081404762514466711e-02,-3.484394555371750357e-02,-4.669948150913114659e-01,-5.161594522238601712e-01,-4.647253456705584540e-01,4.681921450246591121e-01
8.931232268297435439e-01,2.439410383121867198e-01,9.970261748389930290e-02,-3.490328110581231158e-02,-4.539673410345130833e-01,-5.097727700679115515e-01,-4.668214804105446092e-01,4.806151257357669238e-01
8.920645921207324136e-01,2.331858319921593647e-01,1.115268024302622507e-01,-3.425013763342121820e-02,-4.424759739413275383e-01,-5.036699778856927878e-01,-4.721704721569039975e-01,4.941867341244687850e-01
8.926116040300939858e-01,2.246862152642279398e-01,1.260223744684481062e-01,-3.283597243205349514e-02,-4.328465636026521679e-01,-4.976252068008761853e-01,-4.809067241840239149e-01,5.087029160831662011e-01
8.950056911004935500e-01,2.191936838553374400e-01,1.428020893397388136e-01,-3.061766757295458774e-02,-4.253514942902256735e-01,-4.914751085913167117e-01,-4.929726454620322329e-01,5.238318581000385166e-01
8.993301873547920877e-01,2.173029527621110901e-01,1.613689169384997513e-01,-2.755402094892644982e-02,-4.202072302050510189e-01,-4.851416836203270577e-01,-5.081132903787874966e-01,5.391125365599691577e-01
9.055058433135627638e-01,2.194179283906123601e-01,1.811363488423012313e-01,-2.360563765871859232e-02,-4.175704864192084642e-01,-4.786435910648378922e-01,-5.258846494471072219e-01,5.539671159226600139e-01
9.133000436415841250e-01,2.257305559305677889e-01,2.014550199496625282e-01,-1.873852002273679318e-02,-4.175328265228017699e-01,-4.720949735083195264e-01,-5.456753635135100922e-01,5.677272624393481237e-01
9.223488679000979573e-01,2.362132992529950570e-01,2.216443523043380992e-01,-1.293112639706350819e-02,-4.201139508550113533e-01,-4.656921403083060795e-01,-5.667405680333104101e-01,5.796730029760510661e-01
9.321899677697729203e-01,2.506250039150472730e-01,2.410274488170216500e-01,-6.184164659572388700e-03,-4.252543798629631056e-01,-4.596897120768517198e-01,-5.882455780210875673e-01,5.890814000590580690e-01
9.423032521589220778e-01,2.685289864020887762e-01,2.589670833740456146e-01,1.468042256618673491e-03,-4.328086028108373284e-01,-4.543689092226941284e-01,-6.093162925208162051e-01,5.952811741285586322e-01
9.521556656506504623e-01,2.893214534033177188e-01,2.749003982703470683e-01,9.946087409602455409e-03,-4.425400117470417172e-01,-4.500014672750012323e-01,-6.290926132869572029e-01,5.977086008042533649e-01
9.612459846162551003e-01,3.122678260606335243e-01,2.883698656755768752e-01,1.911552534170368745e-02,-4.541190340751199983e-01,-4.468131062657221264e-01,-6.467808906845675665e-01,5.959596354487075587e-01
9.691455768384003022e-01,3.365442484882805729e-01,2.990482176005571091e-01,2.878002315151206858e-02,-4.671257997615612112e-01,-4.449505301697627146e-01,-6.617014684034074889e-01,5.898333181935413450e-01
9.755314711085247836e-01,3.612814897824137006e-01,3.067554002113865863e-01,3.867900440424421049e-02,-4.810584242586628534e-01,-4.444555854593090771e-01,-6.733277918965541176e-01,5.793620934373393538e-01
9.802088293664610319e-01,3.856085836396232480e-01,3.114661443369186600e-01,4.849080679903750024e-02,-4.953475714883097680e-01,-4.452495018397257809e-01,-6.813142441906165914e-01,5.648256951335497433e-01
9.831209295599023790e-01,4.086938453474431299e-01,3.133074266461335355e-01,5.784187927773132287e-02,-5.093774172401026590e-01,-4.471291458777386651e-01,-6.855108113959431648e-01,5.467466139893986110e-01
9.843459595266494944e-01,4.297813175362534821e-01,3.125458683862234466e-01,6.632196460924433268e-02,-5.225125056986144045e-01,-4.497760376459609688e-01,-6.859637751404079609e-01,5.258667515154229477e-01
9.840811725314324576e-01,4.482211705344525399e-01,3.095659152454572904e-01,7.350460693061222628e-02,-5.341293445380870253e-01,-4.527776285837035175e-01,-6.829027772682820796e-01,5.031065297648638079e-01
9.826161466394864874e-01,4.634930742413416738e-01,3.048403882703496492e-01,7.897174800912409864e-02,-5.436509798164479434e-01,-4.556591369004081571e-01,-6.767157003196189180e-01,4.795093067423294997e-01
9.802979068503532289e-01,4.752220284462964628e-01,2.988956234662509814e-01,8.234069188651460536e-02,-5.505822983996040421e-01,-4.579232007864675325e-01,-6.679137538249051431e-01,4.561752932104354841e-01
9.774914160265097962e-01,4.831865590331290150e-01,2.922738649558596080e-01,8.329137468066960537e-02,-5.545434810865117470e-01,-4.590938383898901520e-01,-6.570898727122767013e-01,4.341901471379969735e-01
9.745393477861625797e-01,4.873195435811794596e-01,2.854957998661120655e-01,8.159171446948221273e-02,-5.552989205043559195e-01,-4.587607673599904956e-01,-6.448739564893912757e-01,4.145539418418593414e-01
9.717250853191785609e-01,4.877022172513534315e-01,2.790260984520500642e-01,7.711885573358756574e-02,-5.527790502819698304e-01,-4.566200753630482723e-01,-6.318885822474840097e-01,3.981162101208610693e-01
9.692425450083419491e-01,4.845521300885593519e-01,2.732445521969566471e-01,6.987436755152032219e-02,-5.470929101866204292e-01,-4.525075464164274308e-01,-6.187086083627946209e-01,3.855222613942714815e-01
9.671757390576658509e-01,4.782059911813121289e-01,2.684249082381029439e-01,5.999188490832807474e-02,-5.385298736964614363e-01,-4.464216024816778372e-01,-6.058275859340938041e-01,3.771749988086412486e-01
9.654900365491130287e-01,4.690984515091258800e-01,2.647228289656595734e-01,4.773626293481925131e-02,-5.275497474558505928e-01,-4.385337467682575152e-01,-5.936331659013376338e-01,3.732151219946899801e-01
9.640359500339741317e-01,4.577379557103995467e-01,2.621736207252070017e-01,3.349399037499267706e-02,-5.147613469252974028e-01,-4.291855046727732770e-01,-5.823928103473008377e-01,3.735210194413411955e-01
9.625650774700034162e-01,4.446808391076046973e-01,2.606995505930171930e-01,1.775532152207404124e-02,-5.008905841896194033e-01,-4.188720399520207138e-01,-5.722501744148758007e-01,3.777279800024189171e-01
9.607566786809798032e-01,4.305048624009941705e-01,2.601257797946345818e-01,1.089265958356122610e-03,-4.867399824870517477e-01,-4.082137677870605330e-01,-5.632316081337194191e-01,3.852647436037841544e-01
9.582523730705361231e-01,4.157833585213666083e-01,2.602032575164230366e-01,-1.588683850289385191e-02,-4.731422754939558217e-01,-3.979182855409817421e-01,-5.552614171938330401e-01,3.954040151834306016e-01
9.546957006777461174e-01,4.010611120611429214e-01,2.606363998797860404e-01,-3.254100718189079089e-02,-4.609112844136689091e-01,-3.887357102229316297e-01,-5.481838861323922174e-01,4.073225013512455916e-01
9.497728589428788837e-01,3.868329946672020014e-01,2.611130664040501870e-01,-4.826113294758727079e-02,-4.507935385936434614e-01,-3.814109831860150734e-01,-5.417896494036540389e-01,4.201653909713058965e-01
9.432508480828687425e-01,3.735262361424247501e-01,2.613342629997532640e-01,-6.248790240626078685e-02,-4.434240859955025371e-01,-3.766368479040238526e-01,-5.358438214989291737e-01,4.331100247295580630e-01
9.350095275754028989e-01,3.614870220171724213e-01,2.610411437804032175e-01,-7.474382028566139979e-02,-4.392896292192745022e-01,-3.750110237633634824e-01,-5.301133616867446108e-01,4.454237897953134961e-01
9.250646741487003055e-01,3.509718776749650715e-01,2.600372318665904459e-01,-8.465641572726667619e-02,-4.387015468146273633e-01,-3.770006214471095518e-01,-5.243914297279843595e-01,4.565119825338115334e-01
9.135799738462537789e-01,3.421440369202173315e-01,2.582042908006769721e-01,-9.197421040106235068e-02,-4.417805723405763274e-01,-3.829161297451264545e-01,-5.185169428805238567e-01,4.659524254288953671e-01
9.008668914794384364e-01,3.350747155382123310e-01,2.555108983842728776e-01,-9.657463563867452194e-02,-4.484539797867910238e-01,-3.928964297832635566e-01,-5.123881165200145915e-01,4.735148888112234999e-01
8.873724428357832039e-01,3.297489355372817954e-01,2.520134419069108844e-01,-9.846373279511055898e-02,-4.584651461846078746e-01,-4.069053471368988539e-01,-5.059693990442610811e-01,4.791647295310212940e-01
8.736559440419569000e-01,3.260752931728347903e-01,2.478499054800522572e-01,-9.776810015311809821e-02,-4.713944220166013110e-01,-4.247393254245253047e-01,-4.992918335083231796e-01,4.830514885788943502e-01
8.603567324749974432e-01,3.238988562698068563e-01,2.432273973481642315e-01,-9.472010463052527030e-02,-4.866894198039517505e-01,-4.460449787072775507e-01,-4.924474408453534124e-01,4.854843678203906165e-01
8.481555661688275904e-01,3.230162253148591844e-01,2.384048216781593510e-01,-8.963781405593351792e-02,-5.037021977313997922e-01,-4.703446197360108272e-01,-4.855786728730890900e-01,4.868974399946637277e-01
8.377328542504756115e-01,3.231917157045245403e-01,2.336724024635259411e-01,-8.290139310373945136e-02,-5.217304199777572649e-01,-4.970674120197600132e-01,-4.788643013689579675e-01,4.878080662019783631e-01
8.297270224722979037e-01,3.241736144591413904e-01,2.293298998665704858e-01,-7.492783093938726324e-02,-5.400594386010197923e-01,-5.255835771970396308e-01,-4.725032749083766248e-01,4.887722716075586504e-01
8.246961752566335235e-01,3.257095376538927667e-01,2.256653238691797014e-01,-6.614583206044244434e-02,-5.580023630318464711e-01,-5.552391026611758207e-01,-4.666980884048825828e-01,4.903407644001163135e-01
8.230858067572057735e-01,3.275600505185138900e-01,2.229357632072606066e-01,-5.697252022660848070e-02,-5.749355356329033384e-01,-5.853886133251080537e-01,-4.616390878782112850e-01,4.930189098208757059e-01
8.252046914720381210e-01,3.295099012284481432e-01,2.213516378333224566e-01,-4.779330984307250674e-02,-5.903273669846385019e-01,-6.154244552758427744e-01,-4.574909000384650426e-01,4.972333519290259574e-01
8.312103188442279134e-01,3.313764391441509360e-01,2.210652911730903725e-01,-3.894592397757890012e-02,-6.037591449876344996e-01,-6.448005363220090658e-01,-4.543818655602080980e-01,5.033071863176701299e-01
8.411044048739881873e-01,3.330150223173404811e-01,2.221644051514886087e-01,-3.070912685628002237e-02,-6.149371464853174984e-01,-6.730500207196428164e-01,-4.523970060454303166e-01,5.114447172618383775e-01
8.547381963184079723e-01,3.343214445194462314e-01,2.246702903776167659e-01,-2.329632856600483137e-02,-6.236960843598353676e-01,-6.997965317730177048e-01,-4.515746997840324184e-01,5.217259648939034378e-01
8.718265514310132858e-01,3.352316122563934186e-01,2.285407135273089807e-01,-1.685384727561256568e-02,-6.299945555347221671e-01,-7.247590226475040254e-01,-4.519069180532824248e-01,5.341103013565771107e-01
8.919691944039414011e-01,3.357188637091894634e-01,2.336766043140414695e-01,-1.146330671126349898e-02,-6.339036682929872768e-01,-7.477509016966905619e-01,-4.533426019788748818e-01,5.484479483848190284e-01
9.146771365885228988e-01,3.357894339969789144e-01,2.399317556178175437e-01,-7.147420939205062496e-03,-6.355903910061897477e-01,-7.686743147206698268e-01,-4.557935612938308623e-01,5.644976049138676899e-01
9.394020564267293594e-01,3.354766320717317285e-01,2.471245029914825864e-01,-3.878284410149035466e-03,-6.352973605498846155e-01,-7.875106849323856295e-01,-4.591421567802171921e-01,5.819482089841585548e-01
9.655664278330959860e-01,3.348343038542225258e-01,2.550503405359449971e-01,-1.587239281661823043e-03,-6.333209259319119155e-01,-8.043086929644687189e-01,-4.632499869767343625e-01,6.004427737034347956e-01
9.925923642417728843e-01,3.339301212490681792e-01,2.634944921546775731e-01,-1.754264956019824240e-04,-6.299890916434378596e-01,-8.191708558974823973e-01,-4.679668309909175150e-01,6.196023502889147494e-01
1.019927465258149368e+00,3.328391651211859426e-01,2.722435894361296960e-01,4.757744707291067243e-04,-6.256408014796761563e-01,-8.322397570603925487e-01,-4.731391872664971743e-01,6.390484286698665528e-01
1.047066372146446156e+00,3.316381739932694472e-01,2.810957917135965545e-01,4.950682498758851580e-04,-6.206076955040771281e-01,-8.436848098335758550e-01,-4.786178782342176419e-01,6.584224452035414288e-01
1.073567206777738647e+00,3.304007213409931865e-01,2.898688943128036044e-01,1.280938866443648294e-05,-6.151991253973392304e-01,-8.536902352224160495e-01,-4.842643435767968185e-01,6.774014804691432801e-01
1.099062540720240122e+00,3.291934714015951613e-01,2.984061868496610259e-01,-8.458839126319617208e-04,-6.096908554791298229e-01,-8.624447175267277999e-01,-4.899554033181630075e-01,6.957096552359871566e-01
1.123264974536880345e+00,3.280735616390302312e-01,3.065800242011391674e-01,-1.966331699051693249e-03,-6.043175469585548854e-01,-8.701329958279302446e-01,-4.955864228486461798e-01,7.131251282253288082e-01
1.145967772249377958e+00,3.270870694450422889e-01,3.142932445207407000e-01,-3.247818488205211906e-03,-5.992688390088005690e-01,-8.769294655005523964e-01,-5.010729400946729584e-01,7.294829392972133064e-01
1.167041269235141954e+00,3.262684516321314732e-01,3.214787001343211159e-01,-4.605569271149079214e-03,-5.946886211841047043e-01,-8.829937153213904821e-01,-5.063509173614875181e-01,7.446742019792509382e-01
1.186425947831082794e+00,3.256407988628780004e-01,3.280972555976404692e-01,-5.971383364936855287e-03,-5.906769444518431555e-01,-8.884678143175506193e-01,-5.113758499137475155e-01,7.586423261418531183e-01
1.204123151628891719e+00,3.252167198406823445e-01,3.341346512688687653e-01,-7.293183026490623888e-03,-5.872939402288466226e-01,-8.934750915336735488e-01,-5.161210006572218845e-01,7.713770396612744662e-01
1.220184400213952358e+00,3.249996649647073355e-01,3.395976360484382894e-01,-8.533753227865759072e-03,-5.845651023719256045e-01,-8.981201152794255904e-01,-5.205750405602884712e-01,7.829069919412177114e-01
1.234700184986650129e+00,3.249855082322028466e-01,3.445097459170938237e-01,-9.668941900713434734e-03,-5.824873254878184525e-01,-9.024895731173501190e-01,-5.247393594236200443e-01,7.932916697254768224e-01
1.247788994951235964e+00,3.251642275481572142e-01,3.489070538762462093e-01,-1.068556418394450702e-02,-5.810351687923684949e-01,-9.066537709612703111e-01,-5.286252793066523736e-01,8.026132584932383907e-01
1.259587159311877258e+00,3.255215532171860104e-01,3.528341521951006143e-01,-1.157921651892479531e-02,-5.801669150969246402e-01,-9.106685029917116481e-01,-5.322513607843575301e-01,8.109689566545057460e-01
1.270239920043934490e+00,3.260404864522570278e-01,3.563405562681509764e-01,-1.235216099354374819e-02,-5.798301042304956354e-01,-9.145770868320823865e-01,-5.356409428441111231e-01,8.184641096581799502e-01
1.279893980887550242e+00,3.267026219418767141e-01,3.594776495942824113e-01,-1.301139525645567119e-02,-5.799663309426250635e-01,-9.184124041587438114e-01,-5.388200096967921127e-01,8.252063972372525313e-01
1.288691628543631396e+00,3.274892385961720720e-01,3.622962261538305029e-01,-1.356697977058729521e-02,-5.805151955300971167e-01,-9.221988314940290365e-01,-5.418154340077308007e-01,8.313011808022565674e-01
1.296766399556076976e+00,3.283821473560237791e-01,3.648446334532309265e-01,-1.403065806246672764e-02,-5.814173807830229634e-01,-9.259539863612644695e-01,-5.446536082527018152e-01,8.368480171952796809e-01
1.304240172379707019e+00,3.293643048909871140e-01,3.671674790994075011e-01,-1.441477436904392562e-02,-5.826168928724655416e-01,-9.296902478105266709e-01,-5.473594478480663383e-01,8.419382650699844817e-01
1.311221502431067165e+00,3.304202152266952908e-01,3.693048359641579736e-01,-1.473147234720784127e-02,-5.840625510682002641e-01,-9.334160369619439734e-01,-5.499557278126303572e-01,8.466536551436547597e-01
1.317804983407484087e+00,3.315361512159142876e-01,3.712918647124752169e-01,-1.499214317800579011e-02,-5.857088374814338749e-01,-9.371368631128689231e-01,-5.524627046870591585e-01,8.510656661756001995e-01
1.324071408319127841e+00,3.327002299211017089e-01,3.731587662509809888e-01,-1.520708348743937677e-02,-5.875162313914188417e-01,-9.408561537748028059e-01,-5.548979670202243142e-01,8.552355348069795582e-01
1.330088512101099241e+00,3.339023778353293892e-01,3.749309792742678837e-01,-1.538532082165033898e-02,-5.894511521491949679e-01,-9.445758947437070674e-01,-5.572764606986311264e-01,8.592147326335179969e-01
1.335912099843255874e+00,3.351342185087560210e-01,3.766295444497700373e-01,-1.553456594953672720e-02,-5.914856244853581302e-01,-9.482971099564565520e-01,-5.596106374032387976e-01,8.630457590020341740e-01
1.341587393943086681e+00,3.363889105803536950e-01,3.782715690836084832e-01,-1.566125460108480638e-02,-5.935967667719523888e-01,-9.520202104197323933e-01,-5.619106822377943899e-01,8.667631185862774146e-01
1.347150466975108429e+00,3.376609606311831158e-01,3.798707377663959051e-01,-1.577064766109970151e-02,-5.957661834272585111e-01,-9.557452399785688613e-01,-5.641847837086970685e-01,8.703943794935184997e-01
1.352629659766421355e+00,3.389460281050560297e-01,3.814378279962511442e-01,-1.586696406086218758e-02,-5.979793251644878183e-01,-9.594720422353475442e-01,-5.664394185587298125e-01,8.739612311937889899e-01
1.358046914786200432e+00,3.402407358935306547e-01,3.829812015601419262e-01,-1.595352736322297460e-02,-6.002248630993562983e-01,-9.632003690062447276e-01,-5.686796301033609780e-01,8.774804871154628927e-01
1.363418981134202568e+00,3.415424953527690377e-01,3.845072526169133198e-01,-1.603291219853986149e-02,-6.024941072300862288e-01,-9.669299470900796223e-01,-5.709092869910818990e-01,8.809649948243531981e-01
